Path,Classes,Labels
1a2 (2).wav,0,A
1a2.wav,0,A
1a3 (2).wav,0,A
1a3 (3).wav,0,A
1a3.wav,0,A
1a4 (2).wav,0,A
1a4.wav,0,A
a2 (1).wav,0,A
a2.wav,0,A
a3 (1).wav,0,A
a3 (2).wav,0,A
a3.wav,0,A
a4 (1).wav,0,A
a4.wav,0,A
noise1a2 (2).wav,0,A
noise1a2.wav,0,A
noise1a3 (2).wav,0,A
noise1a3 (3).wav,0,A
noise1a3.wav,0,A
noise1a4 (2).wav,0,A
noise1a4.wav,0,A
noise2_1a2 (2).wav,0,A
noise2_1a2.wav,0,A
noise2_1a3 (2).wav,0,A
noise2_1a3 (3).wav,0,A
noise2_1a3.wav,0,A
noise2_1a4 (2).wav,0,A
noise2_1a4.wav,0,A
noise2_a2 (1).wav,0,A
noise2_a2.wav,0,A
noise2_a3 (1).wav,0,A
noise2_a3 (2).wav,0,A
noise2_a3.wav,0,A
noise2_a4 (1).wav,0,A
noise2_a4.wav,0,A
noise2_noise1a2 (2).wav,0,A
noise2_noise1a2.wav,0,A
noise2_noise1a3 (2).wav,0,A
noise2_noise1a3 (3).wav,0,A
noise2_noise1a3.wav,0,A
noise2_noise1a4 (2).wav,0,A
noise2_noise1a4.wav,0,A
noise2_noisea2 (1).wav,0,A
noise2_noisea2.wav,0,A
noise2_noisea3 (1).wav,0,A
noise2_noisea3 (2).wav,0,A
noise2_noisea3.wav,0,A
noise2_noisea4 (1).wav,0,A
noise2_noisea4.wav,0,A
noisea2 (1).wav,0,A
noisea2.wav,0,A
noisea3 (1).wav,0,A
noisea3 (2).wav,0,A
noisea3.wav,0,A
noisea4 (1).wav,0,A
noisea4.wav,0,A
noise_011a2 (2).wav,0,A
noise_011a2.wav,0,A
noise_011a3 (2).wav,0,A
noise_011a3 (3).wav,0,A
noise_011a3.wav,0,A
noise_011a4 (2).wav,0,A
noise_011a4.wav,0,A
noise_01a2 (1).wav,0,A
noise_01a2.wav,0,A
noise_01a3 (1).wav,0,A
noise_01a3 (2).wav,0,A
noise_01a3.wav,0,A
noise_01a4 (1).wav,0,A
noise_01a4.wav,0,A
noise_01noise1a2 (2).wav,0,A
noise_01noise1a2.wav,0,A
noise_01noise1a3 (2).wav,0,A
noise_01noise1a3 (3).wav,0,A
noise_01noise1a3.wav,0,A
noise_01noise1a4 (2).wav,0,A
noise_01noise1a4.wav,0,A
noise_01noise2_1a2 (2).wav,0,A
noise_01noise2_1a2.wav,0,A
noise_01noise2_1a3 (2).wav,0,A
noise_01noise2_1a3 (3).wav,0,A
noise_01noise2_1a3.wav,0,A
noise_01noise2_1a4 (2).wav,0,A
noise_01noise2_1a4.wav,0,A
noise_01noise2_a2 (1).wav,0,A
noise_01noise2_a2.wav,0,A
noise_01noise2_a3 (1).wav,0,A
noise_01noise2_a3 (2).wav,0,A
noise_01noise2_a3.wav,0,A
noise_01noise2_a4 (1).wav,0,A
noise_01noise2_a4.wav,0,A
noise_01noise2_noise1a2 (2).wav,0,A
noise_01noise2_noise1a2.wav,0,A
noise_01noise2_noise1a3 (2).wav,0,A
noise_01noise2_noise1a3 (3).wav,0,A
noise_01noise2_noise1a3.wav,0,A
noise_01noise2_noise1a4 (2).wav,0,A
noise_01noise2_noise1a4.wav,0,A
noise_01noise2_noisea2 (1).wav,0,A
noise_01noise2_noisea2.wav,0,A
noise_01noise2_noisea3 (1).wav,0,A
noise_01noise2_noisea3 (2).wav,0,A
noise_01noise2_noisea3.wav,0,A
noise_01noise2_noisea4 (1).wav,0,A
noise_01noise2_noisea4.wav,0,A
noise_01noisea2 (1).wav,0,A
noise_01noisea2.wav,0,A
noise_01noisea3 (1).wav,0,A
noise_01noisea3 (2).wav,0,A
noise_01noisea3.wav,0,A
noise_01noisea4 (1).wav,0,A
noise_01noisea4.wav,0,A
noise_01stretch_1a2 (2).wav,0,A
noise_01stretch_1a2.wav,0,A
noise_01stretch_1a3 (2).wav,0,A
noise_01stretch_1a3 (3).wav,0,A
noise_01stretch_1a3.wav,0,A
noise_01stretch_1a4 (2).wav,0,A
noise_01stretch_1a4.wav,0,A
noise_01stretch_a2 (1).wav,0,A
noise_01stretch_a2.wav,0,A
noise_01stretch_a3 (1).wav,0,A
noise_01stretch_a3 (2).wav,0,A
noise_01stretch_a3.wav,0,A
noise_01stretch_a4 (1).wav,0,A
noise_01stretch_a4.wav,0,A
noise_01stretch_noise1a2 (2).wav,0,A
noise_01stretch_noise1a2.wav,0,A
noise_01stretch_noise1a3 (2).wav,0,A
noise_01stretch_noise1a3 (3).wav,0,A
noise_01stretch_noise1a3.wav,0,A
noise_01stretch_noise1a4 (2).wav,0,A
noise_01stretch_noise1a4.wav,0,A
noise_01stretch_noise2_1a2 (2).wav,0,A
noise_01stretch_noise2_1a2.wav,0,A
noise_01stretch_noise2_1a3 (2).wav,0,A
noise_01stretch_noise2_1a3 (3).wav,0,A
noise_01stretch_noise2_1a3.wav,0,A
noise_01stretch_noise2_1a4 (2).wav,0,A
noise_01stretch_noise2_1a4.wav,0,A
noise_01stretch_noise2_a2 (1).wav,0,A
noise_01stretch_noise2_a2.wav,0,A
noise_01stretch_noise2_a3 (1).wav,0,A
noise_01stretch_noise2_a3 (2).wav,0,A
noise_01stretch_noise2_a3.wav,0,A
noise_01stretch_noise2_a4 (1).wav,0,A
noise_01stretch_noise2_a4.wav,0,A
noise_01stretch_noise2_noise1a2 (2).wav,0,A
noise_01stretch_noise2_noise1a2.wav,0,A
noise_01stretch_noise2_noise1a3 (2).wav,0,A
noise_01stretch_noise2_noise1a3 (3).wav,0,A
noise_01stretch_noise2_noise1a3.wav,0,A
noise_01stretch_noise2_noise1a4 (2).wav,0,A
noise_01stretch_noise2_noise1a4.wav,0,A
noise_01stretch_noise2_noisea2 (1).wav,0,A
noise_01stretch_noise2_noisea2.wav,0,A
noise_01stretch_noise2_noisea3 (1).wav,0,A
noise_01stretch_noise2_noisea3 (2).wav,0,A
noise_01stretch_noise2_noisea3.wav,0,A
noise_01stretch_noise2_noisea4 (1).wav,0,A
noise_01stretch_noise2_noisea4.wav,0,A
noise_01stretch_noisea2 (1).wav,0,A
noise_01stretch_noisea2.wav,0,A
noise_01stretch_noisea3 (1).wav,0,A
noise_01stretch_noisea3 (2).wav,0,A
noise_01stretch_noisea3.wav,0,A
noise_01stretch_noisea4 (1).wav,0,A
noise_01stretch_noisea4.wav,0,A
stretch_1a2 (2).wav,0,A
stretch_1a2.wav,0,A
stretch_1a3 (2).wav,0,A
stretch_1a3 (3).wav,0,A
stretch_1a3.wav,0,A
stretch_1a4 (2).wav,0,A
stretch_1a4.wav,0,A
stretch_a2 (1).wav,0,A
stretch_a2.wav,0,A
stretch_a3 (1).wav,0,A
stretch_a3 (2).wav,0,A
stretch_a3.wav,0,A
stretch_a4 (1).wav,0,A
stretch_a4.wav,0,A
stretch_noise1a2 (2).wav,0,A
stretch_noise1a2.wav,0,A
stretch_noise1a3 (2).wav,0,A
stretch_noise1a3 (3).wav,0,A
stretch_noise1a3.wav,0,A
stretch_noise1a4 (2).wav,0,A
stretch_noise1a4.wav,0,A
stretch_noise2_1a2 (2).wav,0,A
stretch_noise2_1a2.wav,0,A
stretch_noise2_1a3 (2).wav,0,A
stretch_noise2_1a3 (3).wav,0,A
stretch_noise2_1a3.wav,0,A
stretch_noise2_1a4 (2).wav,0,A
stretch_noise2_1a4.wav,0,A
stretch_noise2_a2 (1).wav,0,A
stretch_noise2_a2.wav,0,A
stretch_noise2_a3 (1).wav,0,A
stretch_noise2_a3 (2).wav,0,A
stretch_noise2_a3.wav,0,A
stretch_noise2_a4 (1).wav,0,A
stretch_noise2_a4.wav,0,A
stretch_noise2_noise1a2 (2).wav,0,A
stretch_noise2_noise1a2.wav,0,A
stretch_noise2_noise1a3 (2).wav,0,A
stretch_noise2_noise1a3 (3).wav,0,A
stretch_noise2_noise1a3.wav,0,A
stretch_noise2_noise1a4 (2).wav,0,A
stretch_noise2_noise1a4.wav,0,A
stretch_noise2_noisea2 (1).wav,0,A
stretch_noise2_noisea2.wav,0,A
stretch_noise2_noisea3 (1).wav,0,A
stretch_noise2_noisea3 (2).wav,0,A
stretch_noise2_noisea3.wav,0,A
stretch_noise2_noisea4 (1).wav,0,A
stretch_noise2_noisea4.wav,0,A
stretch_noisea2 (1).wav,0,A
stretch_noisea2.wav,0,A
stretch_noisea3 (1).wav,0,A
stretch_noisea3 (2).wav,0,A
stretch_noisea3.wav,0,A
stretch_noisea4 (1).wav,0,A
stretch_noisea4.wav,0,A
1a#2 (2).wav,1,A#
1a#2.wav,1,A#
1a#3 (2).wav,1,A#
1a#3.wav,1,A#
1a#4 (2).wav,1,A#
1a#4.wav,1,A#
a#2 (1).wav,1,A#
a#2.wav,1,A#
a#3 (1).wav,1,A#
a#3.wav,1,A#
a#4 (1).wav,1,A#
a#4.wav,1,A#
noise1a#2 (2).wav,1,A#
noise1a#2.wav,1,A#
noise1a#3 (2).wav,1,A#
noise1a#3.wav,1,A#
noise1a#4 (2).wav,1,A#
noise1a#4.wav,1,A#
noise2_1a#2 (2).wav,1,A#
noise2_1a#2.wav,1,A#
noise2_1a#3 (2).wav,1,A#
noise2_1a#3.wav,1,A#
noise2_1a#4 (2).wav,1,A#
noise2_1a#4.wav,1,A#
noise2_a#2 (1).wav,1,A#
noise2_a#2.wav,1,A#
noise2_a#3 (1).wav,1,A#
noise2_a#3.wav,1,A#
noise2_a#4 (1).wav,1,A#
noise2_a#4.wav,1,A#
noise2_noise1a#2 (2).wav,1,A#
noise2_noise1a#2.wav,1,A#
noise2_noise1a#3 (2).wav,1,A#
noise2_noise1a#3.wav,1,A#
noise2_noise1a#4 (2).wav,1,A#
noise2_noise1a#4.wav,1,A#
noise2_noisea#2 (1).wav,1,A#
noise2_noisea#2.wav,1,A#
noise2_noisea#3 (1).wav,1,A#
noise2_noisea#3.wav,1,A#
noise2_noisea#4 (1).wav,1,A#
noise2_noisea#4.wav,1,A#
noisea#2 (1).wav,1,A#
noisea#2.wav,1,A#
noisea#3 (1).wav,1,A#
noisea#3.wav,1,A#
noisea#4 (1).wav,1,A#
noisea#4.wav,1,A#
noise_011a#2 (2).wav,1,A#
noise_011a#2.wav,1,A#
noise_011a#3 (2).wav,1,A#
noise_011a#3.wav,1,A#
noise_011a#4 (2).wav,1,A#
noise_011a#4.wav,1,A#
noise_01a#2 (1).wav,1,A#
noise_01a#2.wav,1,A#
noise_01a#3 (1).wav,1,A#
noise_01a#3.wav,1,A#
noise_01a#4 (1).wav,1,A#
noise_01a#4.wav,1,A#
noise_01noise1a#2 (2).wav,1,A#
noise_01noise1a#2.wav,1,A#
noise_01noise1a#3 (2).wav,1,A#
noise_01noise1a#3.wav,1,A#
noise_01noise1a#4 (2).wav,1,A#
noise_01noise1a#4.wav,1,A#
noise_01noise2_1a#2 (2).wav,1,A#
noise_01noise2_1a#2.wav,1,A#
noise_01noise2_1a#3 (2).wav,1,A#
noise_01noise2_1a#3.wav,1,A#
noise_01noise2_1a#4 (2).wav,1,A#
noise_01noise2_1a#4.wav,1,A#
noise_01noise2_a#2 (1).wav,1,A#
noise_01noise2_a#2.wav,1,A#
noise_01noise2_a#3 (1).wav,1,A#
noise_01noise2_a#3.wav,1,A#
noise_01noise2_a#4 (1).wav,1,A#
noise_01noise2_a#4.wav,1,A#
noise_01noise2_noise1a#2 (2).wav,1,A#
noise_01noise2_noise1a#2.wav,1,A#
noise_01noise2_noise1a#3 (2).wav,1,A#
noise_01noise2_noise1a#3.wav,1,A#
noise_01noise2_noise1a#4 (2).wav,1,A#
noise_01noise2_noise1a#4.wav,1,A#
noise_01noise2_noisea#2 (1).wav,1,A#
noise_01noise2_noisea#2.wav,1,A#
noise_01noise2_noisea#3 (1).wav,1,A#
noise_01noise2_noisea#3.wav,1,A#
noise_01noise2_noisea#4 (1).wav,1,A#
noise_01noise2_noisea#4.wav,1,A#
noise_01noisea#2 (1).wav,1,A#
noise_01noisea#2.wav,1,A#
noise_01noisea#3 (1).wav,1,A#
noise_01noisea#3.wav,1,A#
noise_01noisea#4 (1).wav,1,A#
noise_01noisea#4.wav,1,A#
noise_01stretch_1a#2 (2).wav,1,A#
noise_01stretch_1a#2.wav,1,A#
noise_01stretch_1a#3 (2).wav,1,A#
noise_01stretch_1a#3.wav,1,A#
noise_01stretch_1a#4 (2).wav,1,A#
noise_01stretch_1a#4.wav,1,A#
noise_01stretch_a#2 (1).wav,1,A#
noise_01stretch_a#2.wav,1,A#
noise_01stretch_a#3 (1).wav,1,A#
noise_01stretch_a#3.wav,1,A#
noise_01stretch_a#4 (1).wav,1,A#
noise_01stretch_a#4.wav,1,A#
noise_01stretch_noise1a#2 (2).wav,1,A#
noise_01stretch_noise1a#2.wav,1,A#
noise_01stretch_noise1a#3 (2).wav,1,A#
noise_01stretch_noise1a#3.wav,1,A#
noise_01stretch_noise1a#4 (2).wav,1,A#
noise_01stretch_noise1a#4.wav,1,A#
noise_01stretch_noise2_1a#2 (2).wav,1,A#
noise_01stretch_noise2_1a#2.wav,1,A#
noise_01stretch_noise2_1a#3 (2).wav,1,A#
noise_01stretch_noise2_1a#3.wav,1,A#
noise_01stretch_noise2_1a#4 (2).wav,1,A#
noise_01stretch_noise2_1a#4.wav,1,A#
noise_01stretch_noise2_a#2 (1).wav,1,A#
noise_01stretch_noise2_a#2.wav,1,A#
noise_01stretch_noise2_a#3 (1).wav,1,A#
noise_01stretch_noise2_a#3.wav,1,A#
noise_01stretch_noise2_a#4 (1).wav,1,A#
noise_01stretch_noise2_a#4.wav,1,A#
noise_01stretch_noise2_noise1a#2 (2).wav,1,A#
noise_01stretch_noise2_noise1a#2.wav,1,A#
noise_01stretch_noise2_noise1a#3 (2).wav,1,A#
noise_01stretch_noise2_noise1a#3.wav,1,A#
noise_01stretch_noise2_noise1a#4 (2).wav,1,A#
noise_01stretch_noise2_noise1a#4.wav,1,A#
noise_01stretch_noise2_noisea#2 (1).wav,1,A#
noise_01stretch_noise2_noisea#2.wav,1,A#
noise_01stretch_noise2_noisea#3 (1).wav,1,A#
noise_01stretch_noise2_noisea#3.wav,1,A#
noise_01stretch_noise2_noisea#4 (1).wav,1,A#
noise_01stretch_noise2_noisea#4.wav,1,A#
noise_01stretch_noisea#2 (1).wav,1,A#
noise_01stretch_noisea#2.wav,1,A#
noise_01stretch_noisea#3 (1).wav,1,A#
noise_01stretch_noisea#3.wav,1,A#
noise_01stretch_noisea#4 (1).wav,1,A#
noise_01stretch_noisea#4.wav,1,A#
stretch_1a#2 (2).wav,1,A#
stretch_1a#2.wav,1,A#
stretch_1a#3 (2).wav,1,A#
stretch_1a#3.wav,1,A#
stretch_1a#4 (2).wav,1,A#
stretch_1a#4.wav,1,A#
stretch_a#2 (1).wav,1,A#
stretch_a#2.wav,1,A#
stretch_a#3 (1).wav,1,A#
stretch_a#3.wav,1,A#
stretch_a#4 (1).wav,1,A#
stretch_a#4.wav,1,A#
stretch_noise1a#2 (2).wav,1,A#
stretch_noise1a#2.wav,1,A#
stretch_noise1a#3 (2).wav,1,A#
stretch_noise1a#3.wav,1,A#
stretch_noise1a#4 (2).wav,1,A#
stretch_noise1a#4.wav,1,A#
stretch_noise2_1a#2 (2).wav,1,A#
stretch_noise2_1a#2.wav,1,A#
stretch_noise2_1a#3 (2).wav,1,A#
stretch_noise2_1a#3.wav,1,A#
stretch_noise2_1a#4 (2).wav,1,A#
stretch_noise2_1a#4.wav,1,A#
stretch_noise2_a#2 (1).wav,1,A#
stretch_noise2_a#2.wav,1,A#
stretch_noise2_a#3 (1).wav,1,A#
stretch_noise2_a#3.wav,1,A#
stretch_noise2_a#4 (1).wav,1,A#
stretch_noise2_a#4.wav,1,A#
stretch_noise2_noise1a#2 (2).wav,1,A#
stretch_noise2_noise1a#2.wav,1,A#
stretch_noise2_noise1a#3 (2).wav,1,A#
stretch_noise2_noise1a#3.wav,1,A#
stretch_noise2_noise1a#4 (2).wav,1,A#
stretch_noise2_noise1a#4.wav,1,A#
stretch_noise2_noisea#2 (1).wav,1,A#
stretch_noise2_noisea#2.wav,1,A#
stretch_noise2_noisea#3 (1).wav,1,A#
stretch_noise2_noisea#3.wav,1,A#
stretch_noise2_noisea#4 (1).wav,1,A#
stretch_noise2_noisea#4.wav,1,A#
stretch_noisea#2 (1).wav,1,A#
stretch_noisea#2.wav,1,A#
stretch_noisea#3 (1).wav,1,A#
stretch_noisea#3.wav,1,A#
stretch_noisea#4 (1).wav,1,A#
stretch_noisea#4.wav,1,A#
1b2 (2).wav,2,B
1b2.wav,2,B
1b3 (2).wav,2,B
1b3 (3).wav,2,B
1b3.wav,2,B
1b4 (2).wav,2,B
1b4.wav,2,B
b2 (1).wav,2,B
b2.wav,2,B
b3 (1).wav,2,B
b3 (2).wav,2,B
b3.wav,2,B
b4 (1).wav,2,B
b4.wav,2,B
noise1b2 (2).wav,2,B
noise1b2.wav,2,B
noise1b3 (2).wav,2,B
noise1b3 (3).wav,2,B
noise1b3.wav,2,B
noise1b4 (2).wav,2,B
noise1b4.wav,2,B
noise2_1b2 (2).wav,2,B
noise2_1b2.wav,2,B
noise2_1b3 (2).wav,2,B
noise2_1b3 (3).wav,2,B
noise2_1b3.wav,2,B
noise2_1b4 (2).wav,2,B
noise2_1b4.wav,2,B
noise2_b2 (1).wav,2,B
noise2_b2.wav,2,B
noise2_b3 (1).wav,2,B
noise2_b3 (2).wav,2,B
noise2_b3.wav,2,B
noise2_b4 (1).wav,2,B
noise2_b4.wav,2,B
noise2_noise1b2 (2).wav,2,B
noise2_noise1b2.wav,2,B
noise2_noise1b3 (2).wav,2,B
noise2_noise1b3 (3).wav,2,B
noise2_noise1b3.wav,2,B
noise2_noise1b4 (2).wav,2,B
noise2_noise1b4.wav,2,B
noise2_noiseb2 (1).wav,2,B
noise2_noiseb2.wav,2,B
noise2_noiseb3 (1).wav,2,B
noise2_noiseb3 (2).wav,2,B
noise2_noiseb3.wav,2,B
noise2_noiseb4 (1).wav,2,B
noise2_noiseb4.wav,2,B
noiseb2 (1).wav,2,B
noiseb2.wav,2,B
noiseb3 (1).wav,2,B
noiseb3 (2).wav,2,B
noiseb3.wav,2,B
noiseb4 (1).wav,2,B
noiseb4.wav,2,B
noise_011b2 (2).wav,2,B
noise_011b2.wav,2,B
noise_011b3 (2).wav,2,B
noise_011b3 (3).wav,2,B
noise_011b3.wav,2,B
noise_011b4 (2).wav,2,B
noise_011b4.wav,2,B
noise_01b2 (1).wav,2,B
noise_01b2.wav,2,B
noise_01b3 (1).wav,2,B
noise_01b3 (2).wav,2,B
noise_01b3.wav,2,B
noise_01b4 (1).wav,2,B
noise_01b4.wav,2,B
noise_01noise1b2 (2).wav,2,B
noise_01noise1b2.wav,2,B
noise_01noise1b3 (2).wav,2,B
noise_01noise1b3 (3).wav,2,B
noise_01noise1b3.wav,2,B
noise_01noise1b4 (2).wav,2,B
noise_01noise1b4.wav,2,B
noise_01noise2_1b2 (2).wav,2,B
noise_01noise2_1b2.wav,2,B
noise_01noise2_1b3 (2).wav,2,B
noise_01noise2_1b3 (3).wav,2,B
noise_01noise2_1b3.wav,2,B
noise_01noise2_1b4 (2).wav,2,B
noise_01noise2_1b4.wav,2,B
noise_01noise2_b2 (1).wav,2,B
noise_01noise2_b2.wav,2,B
noise_01noise2_b3 (1).wav,2,B
noise_01noise2_b3 (2).wav,2,B
noise_01noise2_b3.wav,2,B
noise_01noise2_b4 (1).wav,2,B
noise_01noise2_b4.wav,2,B
noise_01noise2_noise1b2 (2).wav,2,B
noise_01noise2_noise1b2.wav,2,B
noise_01noise2_noise1b3 (2).wav,2,B
noise_01noise2_noise1b3 (3).wav,2,B
noise_01noise2_noise1b3.wav,2,B
noise_01noise2_noise1b4 (2).wav,2,B
noise_01noise2_noise1b4.wav,2,B
noise_01noise2_noiseb2 (1).wav,2,B
noise_01noise2_noiseb2.wav,2,B
noise_01noise2_noiseb3 (1).wav,2,B
noise_01noise2_noiseb3 (2).wav,2,B
noise_01noise2_noiseb3.wav,2,B
noise_01noise2_noiseb4 (1).wav,2,B
noise_01noise2_noiseb4.wav,2,B
noise_01noiseb2 (1).wav,2,B
noise_01noiseb2.wav,2,B
noise_01noiseb3 (1).wav,2,B
noise_01noiseb3 (2).wav,2,B
noise_01noiseb3.wav,2,B
noise_01noiseb4 (1).wav,2,B
noise_01noiseb4.wav,2,B
noise_01stretch_1b2 (2).wav,2,B
noise_01stretch_1b2.wav,2,B
noise_01stretch_1b3 (2).wav,2,B
noise_01stretch_1b3 (3).wav,2,B
noise_01stretch_1b3.wav,2,B
noise_01stretch_1b4 (2).wav,2,B
noise_01stretch_1b4.wav,2,B
noise_01stretch_b2 (1).wav,2,B
noise_01stretch_b2.wav,2,B
noise_01stretch_b3 (1).wav,2,B
noise_01stretch_b3 (2).wav,2,B
noise_01stretch_b3.wav,2,B
noise_01stretch_b4 (1).wav,2,B
noise_01stretch_b4.wav,2,B
noise_01stretch_noise1b2 (2).wav,2,B
noise_01stretch_noise1b2.wav,2,B
noise_01stretch_noise1b3 (2).wav,2,B
noise_01stretch_noise1b3 (3).wav,2,B
noise_01stretch_noise1b3.wav,2,B
noise_01stretch_noise1b4 (2).wav,2,B
noise_01stretch_noise1b4.wav,2,B
noise_01stretch_noise2_1b2 (2).wav,2,B
noise_01stretch_noise2_1b2.wav,2,B
noise_01stretch_noise2_1b3 (2).wav,2,B
noise_01stretch_noise2_1b3 (3).wav,2,B
noise_01stretch_noise2_1b3.wav,2,B
noise_01stretch_noise2_1b4 (2).wav,2,B
noise_01stretch_noise2_1b4.wav,2,B
noise_01stretch_noise2_b2 (1).wav,2,B
noise_01stretch_noise2_b2.wav,2,B
noise_01stretch_noise2_b3 (1).wav,2,B
noise_01stretch_noise2_b3 (2).wav,2,B
noise_01stretch_noise2_b3.wav,2,B
noise_01stretch_noise2_b4 (1).wav,2,B
noise_01stretch_noise2_b4.wav,2,B
noise_01stretch_noise2_noise1b2 (2).wav,2,B
noise_01stretch_noise2_noise1b2.wav,2,B
noise_01stretch_noise2_noise1b3 (2).wav,2,B
noise_01stretch_noise2_noise1b3 (3).wav,2,B
noise_01stretch_noise2_noise1b3.wav,2,B
noise_01stretch_noise2_noise1b4 (2).wav,2,B
noise_01stretch_noise2_noise1b4.wav,2,B
noise_01stretch_noise2_noiseb2 (1).wav,2,B
noise_01stretch_noise2_noiseb2.wav,2,B
noise_01stretch_noise2_noiseb3 (1).wav,2,B
noise_01stretch_noise2_noiseb3 (2).wav,2,B
noise_01stretch_noise2_noiseb3.wav,2,B
noise_01stretch_noise2_noiseb4 (1).wav,2,B
noise_01stretch_noise2_noiseb4.wav,2,B
noise_01stretch_noiseb2 (1).wav,2,B
noise_01stretch_noiseb2.wav,2,B
noise_01stretch_noiseb3 (1).wav,2,B
noise_01stretch_noiseb3 (2).wav,2,B
noise_01stretch_noiseb3.wav,2,B
noise_01stretch_noiseb4 (1).wav,2,B
noise_01stretch_noiseb4.wav,2,B
stretch_1b2 (2).wav,2,B
stretch_1b2.wav,2,B
stretch_1b3 (2).wav,2,B
stretch_1b3 (3).wav,2,B
stretch_1b3.wav,2,B
stretch_1b4 (2).wav,2,B
stretch_1b4.wav,2,B
stretch_b2 (1).wav,2,B
stretch_b2.wav,2,B
stretch_b3 (1).wav,2,B
stretch_b3 (2).wav,2,B
stretch_b3.wav,2,B
stretch_b4 (1).wav,2,B
stretch_b4.wav,2,B
stretch_noise1b2 (2).wav,2,B
stretch_noise1b2.wav,2,B
stretch_noise1b3 (2).wav,2,B
stretch_noise1b3 (3).wav,2,B
stretch_noise1b3.wav,2,B
stretch_noise1b4 (2).wav,2,B
stretch_noise1b4.wav,2,B
stretch_noise2_1b2 (2).wav,2,B
stretch_noise2_1b2.wav,2,B
stretch_noise2_1b3 (2).wav,2,B
stretch_noise2_1b3 (3).wav,2,B
stretch_noise2_1b3.wav,2,B
stretch_noise2_1b4 (2).wav,2,B
stretch_noise2_1b4.wav,2,B
stretch_noise2_b2 (1).wav,2,B
stretch_noise2_b2.wav,2,B
stretch_noise2_b3 (1).wav,2,B
stretch_noise2_b3 (2).wav,2,B
stretch_noise2_b3.wav,2,B
stretch_noise2_b4 (1).wav,2,B
stretch_noise2_b4.wav,2,B
stretch_noise2_noise1b2 (2).wav,2,B
stretch_noise2_noise1b2.wav,2,B
stretch_noise2_noise1b3 (2).wav,2,B
stretch_noise2_noise1b3 (3).wav,2,B
stretch_noise2_noise1b3.wav,2,B
stretch_noise2_noise1b4 (2).wav,2,B
stretch_noise2_noise1b4.wav,2,B
stretch_noise2_noiseb2 (1).wav,2,B
stretch_noise2_noiseb2.wav,2,B
stretch_noise2_noiseb3 (1).wav,2,B
stretch_noise2_noiseb3 (2).wav,2,B
stretch_noise2_noiseb3.wav,2,B
stretch_noise2_noiseb4 (1).wav,2,B
stretch_noise2_noiseb4.wav,2,B
stretch_noiseb2 (1).wav,2,B
stretch_noiseb2.wav,2,B
stretch_noiseb3 (1).wav,2,B
stretch_noiseb3 (2).wav,2,B
stretch_noiseb3.wav,2,B
stretch_noiseb4 (1).wav,2,B
stretch_noiseb4.wav,2,B
1c3 (2).wav,3,C
1c3.wav,3,C
1c4 (2).wav,3,C
1c4 (3).wav,3,C
1c4.wav,3,C
1c5.wav,3,C
c3 (1).wav,3,C
c3.wav,3,C
c4 (1).wav,3,C
c4 (2).wav,3,C
c4.wav,3,C
c5.wav,3,C
noise1c3 (2).wav,3,C
noise1c3.wav,3,C
noise1c4 (2).wav,3,C
noise1c4 (3).wav,3,C
noise1c4.wav,3,C
noise1c5.wav,3,C
noise2_1c3 (2).wav,3,C
noise2_1c3.wav,3,C
noise2_1c4 (2).wav,3,C
noise2_1c4 (3).wav,3,C
noise2_1c4.wav,3,C
noise2_1c5.wav,3,C
noise2_c3 (1).wav,3,C
noise2_c3.wav,3,C
noise2_c4 (1).wav,3,C
noise2_c4 (2).wav,3,C
noise2_c4.wav,3,C
noise2_c5.wav,3,C
noise2_noise1c3 (2).wav,3,C
noise2_noise1c3.wav,3,C
noise2_noise1c4 (2).wav,3,C
noise2_noise1c4 (3).wav,3,C
noise2_noise1c4.wav,3,C
noise2_noise1c5.wav,3,C
noise2_noisec3 (1).wav,3,C
noise2_noisec3.wav,3,C
noise2_noisec4 (1).wav,3,C
noise2_noisec4 (2).wav,3,C
noise2_noisec4.wav,3,C
noise2_noisec5.wav,3,C
noisec3 (1).wav,3,C
noisec3.wav,3,C
noisec4 (1).wav,3,C
noisec4 (2).wav,3,C
noisec4.wav,3,C
noisec5.wav,3,C
noise_011c3 (2).wav,3,C
noise_011c3.wav,3,C
noise_011c4 (2).wav,3,C
noise_011c4 (3).wav,3,C
noise_011c4.wav,3,C
noise_011c5.wav,3,C
noise_01c3 (1).wav,3,C
noise_01c3.wav,3,C
noise_01c4 (1).wav,3,C
noise_01c4 (2).wav,3,C
noise_01c4.wav,3,C
noise_01c5.wav,3,C
noise_01noise1c3 (2).wav,3,C
noise_01noise1c3.wav,3,C
noise_01noise1c4 (2).wav,3,C
noise_01noise1c4 (3).wav,3,C
noise_01noise1c4.wav,3,C
noise_01noise1c5.wav,3,C
noise_01noise2_1c3 (2).wav,3,C
noise_01noise2_1c3.wav,3,C
noise_01noise2_1c4 (2).wav,3,C
noise_01noise2_1c4 (3).wav,3,C
noise_01noise2_1c4.wav,3,C
noise_01noise2_1c5.wav,3,C
noise_01noise2_c3 (1).wav,3,C
noise_01noise2_c3.wav,3,C
noise_01noise2_c4 (1).wav,3,C
noise_01noise2_c4 (2).wav,3,C
noise_01noise2_c4.wav,3,C
noise_01noise2_c5.wav,3,C
noise_01noise2_noise1c3 (2).wav,3,C
noise_01noise2_noise1c3.wav,3,C
noise_01noise2_noise1c4 (2).wav,3,C
noise_01noise2_noise1c4 (3).wav,3,C
noise_01noise2_noise1c4.wav,3,C
noise_01noise2_noise1c5.wav,3,C
noise_01noise2_noisec3 (1).wav,3,C
noise_01noise2_noisec3.wav,3,C
noise_01noise2_noisec4 (1).wav,3,C
noise_01noise2_noisec4 (2).wav,3,C
noise_01noise2_noisec4.wav,3,C
noise_01noise2_noisec5.wav,3,C
noise_01noisec3 (1).wav,3,C
noise_01noisec3.wav,3,C
noise_01noisec4 (1).wav,3,C
noise_01noisec4 (2).wav,3,C
noise_01noisec4.wav,3,C
noise_01noisec5.wav,3,C
noise_01stretch_1c3 (2).wav,3,C
noise_01stretch_1c3.wav,3,C
noise_01stretch_1c4 (2).wav,3,C
noise_01stretch_1c4 (3).wav,3,C
noise_01stretch_1c4.wav,3,C
noise_01stretch_1c5.wav,3,C
noise_01stretch_c3 (1).wav,3,C
noise_01stretch_c3.wav,3,C
noise_01stretch_c4 (1).wav,3,C
noise_01stretch_c4 (2).wav,3,C
noise_01stretch_c4.wav,3,C
noise_01stretch_c5.wav,3,C
noise_01stretch_noise1c3 (2).wav,3,C
noise_01stretch_noise1c3.wav,3,C
noise_01stretch_noise1c4 (2).wav,3,C
noise_01stretch_noise1c4 (3).wav,3,C
noise_01stretch_noise1c4.wav,3,C
noise_01stretch_noise1c5.wav,3,C
noise_01stretch_noise2_1c3 (2).wav,3,C
noise_01stretch_noise2_1c3.wav,3,C
noise_01stretch_noise2_1c4 (2).wav,3,C
noise_01stretch_noise2_1c4 (3).wav,3,C
noise_01stretch_noise2_1c4.wav,3,C
noise_01stretch_noise2_1c5.wav,3,C
noise_01stretch_noise2_c3 (1).wav,3,C
noise_01stretch_noise2_c3.wav,3,C
noise_01stretch_noise2_c4 (1).wav,3,C
noise_01stretch_noise2_c4 (2).wav,3,C
noise_01stretch_noise2_c4.wav,3,C
noise_01stretch_noise2_c5.wav,3,C
noise_01stretch_noise2_noise1c3 (2).wav,3,C
noise_01stretch_noise2_noise1c3.wav,3,C
noise_01stretch_noise2_noise1c4 (2).wav,3,C
noise_01stretch_noise2_noise1c4 (3).wav,3,C
noise_01stretch_noise2_noise1c4.wav,3,C
noise_01stretch_noise2_noise1c5.wav,3,C
noise_01stretch_noise2_noisec3 (1).wav,3,C
noise_01stretch_noise2_noisec3.wav,3,C
noise_01stretch_noise2_noisec4 (1).wav,3,C
noise_01stretch_noise2_noisec4 (2).wav,3,C
noise_01stretch_noise2_noisec4.wav,3,C
noise_01stretch_noise2_noisec5.wav,3,C
noise_01stretch_noisec3 (1).wav,3,C
noise_01stretch_noisec3.wav,3,C
noise_01stretch_noisec4 (1).wav,3,C
noise_01stretch_noisec4 (2).wav,3,C
noise_01stretch_noisec4.wav,3,C
noise_01stretch_noisec5.wav,3,C
stretch_1c3 (2).wav,3,C
stretch_1c3.wav,3,C
stretch_1c4 (2).wav,3,C
stretch_1c4 (3).wav,3,C
stretch_1c4.wav,3,C
stretch_1c5.wav,3,C
stretch_c3 (1).wav,3,C
stretch_c3.wav,3,C
stretch_c4 (1).wav,3,C
stretch_c4 (2).wav,3,C
stretch_c4.wav,3,C
stretch_c5.wav,3,C
stretch_noise1c3 (2).wav,3,C
stretch_noise1c3.wav,3,C
stretch_noise1c4 (2).wav,3,C
stretch_noise1c4 (3).wav,3,C
stretch_noise1c4.wav,3,C
stretch_noise1c5.wav,3,C
stretch_noise2_1c3 (2).wav,3,C
stretch_noise2_1c3.wav,3,C
stretch_noise2_1c4 (2).wav,3,C
stretch_noise2_1c4 (3).wav,3,C
stretch_noise2_1c4.wav,3,C
stretch_noise2_1c5.wav,3,C
stretch_noise2_c3 (1).wav,3,C
stretch_noise2_c3.wav,3,C
stretch_noise2_c4 (1).wav,3,C
stretch_noise2_c4 (2).wav,3,C
stretch_noise2_c4.wav,3,C
stretch_noise2_c5.wav,3,C
stretch_noise2_noise1c3 (2).wav,3,C
stretch_noise2_noise1c3.wav,3,C
stretch_noise2_noise1c4 (2).wav,3,C
stretch_noise2_noise1c4 (3).wav,3,C
stretch_noise2_noise1c4.wav,3,C
stretch_noise2_noise1c5.wav,3,C
stretch_noise2_noisec3 (1).wav,3,C
stretch_noise2_noisec3.wav,3,C
stretch_noise2_noisec4 (1).wav,3,C
stretch_noise2_noisec4 (2).wav,3,C
stretch_noise2_noisec4.wav,3,C
stretch_noise2_noisec5.wav,3,C
stretch_noisec3 (1).wav,3,C
stretch_noisec3.wav,3,C
stretch_noisec4 (1).wav,3,C
stretch_noisec4 (2).wav,3,C
stretch_noisec4.wav,3,C
stretch_noisec5.wav,3,C
1c#3 (2).wav,4,C#
1c#3.wav,4,C#
1c#4 (2).wav,4,C#
1c#4 (3).wav,4,C#
1c#4.wav,4,C#
1c#5.wav,4,C#
c#3 (1).wav,4,C#
c#3.wav,4,C#
c#4 (1).wav,4,C#
c#4 (2).wav,4,C#
c#4.wav,4,C#
c#5.wav,4,C#
noise1c#3 (2).wav,4,C#
noise1c#3.wav,4,C#
noise1c#4 (2).wav,4,C#
noise1c#4 (3).wav,4,C#
noise1c#4.wav,4,C#
noise1c#5.wav,4,C#
noise2_1c#3 (2).wav,4,C#
noise2_1c#3.wav,4,C#
noise2_1c#4 (2).wav,4,C#
noise2_1c#4 (3).wav,4,C#
noise2_1c#4.wav,4,C#
noise2_1c#5.wav,4,C#
noise2_c#3 (1).wav,4,C#
noise2_c#3.wav,4,C#
noise2_c#4 (1).wav,4,C#
noise2_c#4 (2).wav,4,C#
noise2_c#4.wav,4,C#
noise2_c#5.wav,4,C#
noise2_noise1c#3 (2).wav,4,C#
noise2_noise1c#3.wav,4,C#
noise2_noise1c#4 (2).wav,4,C#
noise2_noise1c#4 (3).wav,4,C#
noise2_noise1c#4.wav,4,C#
noise2_noise1c#5.wav,4,C#
noise2_noisec#3 (1).wav,4,C#
noise2_noisec#3.wav,4,C#
noise2_noisec#4 (1).wav,4,C#
noise2_noisec#4 (2).wav,4,C#
noise2_noisec#4.wav,4,C#
noise2_noisec#5.wav,4,C#
noisec#3 (1).wav,4,C#
noisec#3.wav,4,C#
noisec#4 (1).wav,4,C#
noisec#4 (2).wav,4,C#
noisec#4.wav,4,C#
noisec#5.wav,4,C#
noise_011c#3 (2).wav,4,C#
noise_011c#3.wav,4,C#
noise_011c#4 (2).wav,4,C#
noise_011c#4 (3).wav,4,C#
noise_011c#4.wav,4,C#
noise_011c#5.wav,4,C#
noise_01c#3 (1).wav,4,C#
noise_01c#3.wav,4,C#
noise_01c#4 (1).wav,4,C#
noise_01c#4 (2).wav,4,C#
noise_01c#4.wav,4,C#
noise_01c#5.wav,4,C#
noise_01noise1c#3 (2).wav,4,C#
noise_01noise1c#3.wav,4,C#
noise_01noise1c#4 (2).wav,4,C#
noise_01noise1c#4 (3).wav,4,C#
noise_01noise1c#4.wav,4,C#
noise_01noise1c#5.wav,4,C#
noise_01noise2_1c#3 (2).wav,4,C#
noise_01noise2_1c#3.wav,4,C#
noise_01noise2_1c#4 (2).wav,4,C#
noise_01noise2_1c#4 (3).wav,4,C#
noise_01noise2_1c#4.wav,4,C#
noise_01noise2_1c#5.wav,4,C#
noise_01noise2_c#3 (1).wav,4,C#
noise_01noise2_c#3.wav,4,C#
noise_01noise2_c#4 (1).wav,4,C#
noise_01noise2_c#4 (2).wav,4,C#
noise_01noise2_c#4.wav,4,C#
noise_01noise2_c#5.wav,4,C#
noise_01noise2_noise1c#3 (2).wav,4,C#
noise_01noise2_noise1c#3.wav,4,C#
noise_01noise2_noise1c#4 (2).wav,4,C#
noise_01noise2_noise1c#4 (3).wav,4,C#
noise_01noise2_noise1c#4.wav,4,C#
noise_01noise2_noise1c#5.wav,4,C#
noise_01noise2_noisec#3 (1).wav,4,C#
noise_01noise2_noisec#3.wav,4,C#
noise_01noise2_noisec#4 (1).wav,4,C#
noise_01noise2_noisec#4 (2).wav,4,C#
noise_01noise2_noisec#4.wav,4,C#
noise_01noise2_noisec#5.wav,4,C#
noise_01noisec#3 (1).wav,4,C#
noise_01noisec#3.wav,4,C#
noise_01noisec#4 (1).wav,4,C#
noise_01noisec#4 (2).wav,4,C#
noise_01noisec#4.wav,4,C#
noise_01noisec#5.wav,4,C#
noise_01stretch_1c#3 (2).wav,4,C#
noise_01stretch_1c#3.wav,4,C#
noise_01stretch_1c#4 (2).wav,4,C#
noise_01stretch_1c#4 (3).wav,4,C#
noise_01stretch_1c#4.wav,4,C#
noise_01stretch_1c#5.wav,4,C#
noise_01stretch_c#3 (1).wav,4,C#
noise_01stretch_c#3.wav,4,C#
noise_01stretch_c#4 (1).wav,4,C#
noise_01stretch_c#4 (2).wav,4,C#
noise_01stretch_c#4.wav,4,C#
noise_01stretch_c#5.wav,4,C#
noise_01stretch_noise1c#3 (2).wav,4,C#
noise_01stretch_noise1c#3.wav,4,C#
noise_01stretch_noise1c#4 (2).wav,4,C#
noise_01stretch_noise1c#4 (3).wav,4,C#
noise_01stretch_noise1c#4.wav,4,C#
noise_01stretch_noise1c#5.wav,4,C#
noise_01stretch_noise2_1c#3 (2).wav,4,C#
noise_01stretch_noise2_1c#3.wav,4,C#
noise_01stretch_noise2_1c#4 (2).wav,4,C#
noise_01stretch_noise2_1c#4 (3).wav,4,C#
noise_01stretch_noise2_1c#4.wav,4,C#
noise_01stretch_noise2_1c#5.wav,4,C#
noise_01stretch_noise2_c#3 (1).wav,4,C#
noise_01stretch_noise2_c#3.wav,4,C#
noise_01stretch_noise2_c#4 (1).wav,4,C#
noise_01stretch_noise2_c#4 (2).wav,4,C#
noise_01stretch_noise2_c#4.wav,4,C#
noise_01stretch_noise2_c#5.wav,4,C#
noise_01stretch_noise2_noise1c#3 (2).wav,4,C#
noise_01stretch_noise2_noise1c#3.wav,4,C#
noise_01stretch_noise2_noise1c#4 (2).wav,4,C#
noise_01stretch_noise2_noise1c#4 (3).wav,4,C#
noise_01stretch_noise2_noise1c#4.wav,4,C#
noise_01stretch_noise2_noise1c#5.wav,4,C#
noise_01stretch_noise2_noisec#3 (1).wav,4,C#
noise_01stretch_noise2_noisec#3.wav,4,C#
noise_01stretch_noise2_noisec#4 (1).wav,4,C#
noise_01stretch_noise2_noisec#4 (2).wav,4,C#
noise_01stretch_noise2_noisec#4.wav,4,C#
noise_01stretch_noise2_noisec#5.wav,4,C#
noise_01stretch_noisec#3 (1).wav,4,C#
noise_01stretch_noisec#3.wav,4,C#
noise_01stretch_noisec#4 (1).wav,4,C#
noise_01stretch_noisec#4 (2).wav,4,C#
noise_01stretch_noisec#4.wav,4,C#
noise_01stretch_noisec#5.wav,4,C#
stretch_1c#3 (2).wav,4,C#
stretch_1c#3.wav,4,C#
stretch_1c#4 (2).wav,4,C#
stretch_1c#4 (3).wav,4,C#
stretch_1c#4.wav,4,C#
stretch_1c#5.wav,4,C#
stretch_c#3 (1).wav,4,C#
stretch_c#3.wav,4,C#
stretch_c#4 (1).wav,4,C#
stretch_c#4 (2).wav,4,C#
stretch_c#4.wav,4,C#
stretch_c#5.wav,4,C#
stretch_noise1c#3 (2).wav,4,C#
stretch_noise1c#3.wav,4,C#
stretch_noise1c#4 (2).wav,4,C#
stretch_noise1c#4 (3).wav,4,C#
stretch_noise1c#4.wav,4,C#
stretch_noise1c#5.wav,4,C#
stretch_noise2_1c#3 (2).wav,4,C#
stretch_noise2_1c#3.wav,4,C#
stretch_noise2_1c#4 (2).wav,4,C#
stretch_noise2_1c#4 (3).wav,4,C#
stretch_noise2_1c#4.wav,4,C#
stretch_noise2_1c#5.wav,4,C#
stretch_noise2_c#3 (1).wav,4,C#
stretch_noise2_c#3.wav,4,C#
stretch_noise2_c#4 (1).wav,4,C#
stretch_noise2_c#4 (2).wav,4,C#
stretch_noise2_c#4.wav,4,C#
stretch_noise2_c#5.wav,4,C#
stretch_noise2_noise1c#3 (2).wav,4,C#
stretch_noise2_noise1c#3.wav,4,C#
stretch_noise2_noise1c#4 (2).wav,4,C#
stretch_noise2_noise1c#4 (3).wav,4,C#
stretch_noise2_noise1c#4.wav,4,C#
stretch_noise2_noise1c#5.wav,4,C#
stretch_noise2_noisec#3 (1).wav,4,C#
stretch_noise2_noisec#3.wav,4,C#
stretch_noise2_noisec#4 (1).wav,4,C#
stretch_noise2_noisec#4 (2).wav,4,C#
stretch_noise2_noisec#4.wav,4,C#
stretch_noise2_noisec#5.wav,4,C#
stretch_noisec#3 (1).wav,4,C#
stretch_noisec#3.wav,4,C#
stretch_noisec#4 (1).wav,4,C#
stretch_noisec#4 (2).wav,4,C#
stretch_noisec#4.wav,4,C#
stretch_noisec#5.wav,4,C#
1d3 (2).wav,5,D
1d3 (3).wav,5,D
1d3.wav,5,D
1d4 (2).wav,5,D
1d4 (3).wav,5,D
1d4.wav,5,D
1d5.wav,5,D
d3 (1).wav,5,D
d3 (2).wav,5,D
d3.wav,5,D
d4 (1).wav,5,D
d4 (2).wav,5,D
d4.wav,5,D
d5.wav,5,D
noise1d3 (2).wav,5,D
noise1d3 (3).wav,5,D
noise1d3.wav,5,D
noise1d4 (2).wav,5,D
noise1d4 (3).wav,5,D
noise1d4.wav,5,D
noise1d5.wav,5,D
noise2_1d3 (2).wav,5,D
noise2_1d3 (3).wav,5,D
noise2_1d3.wav,5,D
noise2_1d4 (2).wav,5,D
noise2_1d4 (3).wav,5,D
noise2_1d4.wav,5,D
noise2_1d5.wav,5,D
noise2_d3 (1).wav,5,D
noise2_d3 (2).wav,5,D
noise2_d3.wav,5,D
noise2_d4 (1).wav,5,D
noise2_d4 (2).wav,5,D
noise2_d4.wav,5,D
noise2_d5.wav,5,D
noise2_noise1d3 (2).wav,5,D
noise2_noise1d3 (3).wav,5,D
noise2_noise1d3.wav,5,D
noise2_noise1d4 (2).wav,5,D
noise2_noise1d4 (3).wav,5,D
noise2_noise1d4.wav,5,D
noise2_noise1d5.wav,5,D
noise2_noised3 (1).wav,5,D
noise2_noised3 (2).wav,5,D
noise2_noised3.wav,5,D
noise2_noised4 (1).wav,5,D
noise2_noised4 (2).wav,5,D
noise2_noised4.wav,5,D
noise2_noised5.wav,5,D
noised3 (1).wav,5,D
noised3 (2).wav,5,D
noised3.wav,5,D
noised4 (1).wav,5,D
noised4 (2).wav,5,D
noised4.wav,5,D
noised5.wav,5,D
noise_011d3 (2).wav,5,D
noise_011d3 (3).wav,5,D
noise_011d3.wav,5,D
noise_011d4 (2).wav,5,D
noise_011d4 (3).wav,5,D
noise_011d4.wav,5,D
noise_011d5.wav,5,D
noise_01d3 (1).wav,5,D
noise_01d3 (2).wav,5,D
noise_01d3.wav,5,D
noise_01d4 (1).wav,5,D
noise_01d4 (2).wav,5,D
noise_01d4.wav,5,D
noise_01d5.wav,5,D
noise_01noise1d3 (2).wav,5,D
noise_01noise1d3 (3).wav,5,D
noise_01noise1d3.wav,5,D
noise_01noise1d4 (2).wav,5,D
noise_01noise1d4 (3).wav,5,D
noise_01noise1d4.wav,5,D
noise_01noise1d5.wav,5,D
noise_01noise2_1d3 (2).wav,5,D
noise_01noise2_1d3 (3).wav,5,D
noise_01noise2_1d3.wav,5,D
noise_01noise2_1d4 (2).wav,5,D
noise_01noise2_1d4 (3).wav,5,D
noise_01noise2_1d4.wav,5,D
noise_01noise2_1d5.wav,5,D
noise_01noise2_d3 (1).wav,5,D
noise_01noise2_d3 (2).wav,5,D
noise_01noise2_d3.wav,5,D
noise_01noise2_d4 (1).wav,5,D
noise_01noise2_d4 (2).wav,5,D
noise_01noise2_d4.wav,5,D
noise_01noise2_d5.wav,5,D
noise_01noise2_noise1d3 (2).wav,5,D
noise_01noise2_noise1d3 (3).wav,5,D
noise_01noise2_noise1d3.wav,5,D
noise_01noise2_noise1d4 (2).wav,5,D
noise_01noise2_noise1d4 (3).wav,5,D
noise_01noise2_noise1d4.wav,5,D
noise_01noise2_noise1d5.wav,5,D
noise_01noise2_noised3 (1).wav,5,D
noise_01noise2_noised3 (2).wav,5,D
noise_01noise2_noised3.wav,5,D
noise_01noise2_noised4 (1).wav,5,D
noise_01noise2_noised4 (2).wav,5,D
noise_01noise2_noised4.wav,5,D
noise_01noise2_noised5.wav,5,D
noise_01noised3 (1).wav,5,D
noise_01noised3 (2).wav,5,D
noise_01noised3.wav,5,D
noise_01noised4 (1).wav,5,D
noise_01noised4 (2).wav,5,D
noise_01noised4.wav,5,D
noise_01noised5.wav,5,D
noise_01stretch_1d3 (2).wav,5,D
noise_01stretch_1d3 (3).wav,5,D
noise_01stretch_1d3.wav,5,D
noise_01stretch_1d4 (2).wav,5,D
noise_01stretch_1d4 (3).wav,5,D
noise_01stretch_1d4.wav,5,D
noise_01stretch_1d5.wav,5,D
noise_01stretch_d3 (1).wav,5,D
noise_01stretch_d3 (2).wav,5,D
noise_01stretch_d3.wav,5,D
noise_01stretch_d4 (1).wav,5,D
noise_01stretch_d4 (2).wav,5,D
noise_01stretch_d4.wav,5,D
noise_01stretch_d5.wav,5,D
noise_01stretch_noise1d3 (2).wav,5,D
noise_01stretch_noise1d3 (3).wav,5,D
noise_01stretch_noise1d3.wav,5,D
noise_01stretch_noise1d4 (2).wav,5,D
noise_01stretch_noise1d4 (3).wav,5,D
noise_01stretch_noise1d4.wav,5,D
noise_01stretch_noise1d5.wav,5,D
noise_01stretch_noise2_1d3 (2).wav,5,D
noise_01stretch_noise2_1d3 (3).wav,5,D
noise_01stretch_noise2_1d3.wav,5,D
noise_01stretch_noise2_1d4 (2).wav,5,D
noise_01stretch_noise2_1d4 (3).wav,5,D
noise_01stretch_noise2_1d4.wav,5,D
noise_01stretch_noise2_1d5.wav,5,D
noise_01stretch_noise2_d3 (1).wav,5,D
noise_01stretch_noise2_d3 (2).wav,5,D
noise_01stretch_noise2_d3.wav,5,D
noise_01stretch_noise2_d4 (1).wav,5,D
noise_01stretch_noise2_d4 (2).wav,5,D
noise_01stretch_noise2_d4.wav,5,D
noise_01stretch_noise2_d5.wav,5,D
noise_01stretch_noise2_noise1d3 (2).wav,5,D
noise_01stretch_noise2_noise1d3 (3).wav,5,D
noise_01stretch_noise2_noise1d3.wav,5,D
noise_01stretch_noise2_noise1d4 (2).wav,5,D
noise_01stretch_noise2_noise1d4 (3).wav,5,D
noise_01stretch_noise2_noise1d4.wav,5,D
noise_01stretch_noise2_noise1d5.wav,5,D
noise_01stretch_noise2_noised3 (1).wav,5,D
noise_01stretch_noise2_noised3 (2).wav,5,D
noise_01stretch_noise2_noised3.wav,5,D
noise_01stretch_noise2_noised4 (1).wav,5,D
noise_01stretch_noise2_noised4 (2).wav,5,D
noise_01stretch_noise2_noised4.wav,5,D
noise_01stretch_noise2_noised5.wav,5,D
noise_01stretch_noised3 (1).wav,5,D
noise_01stretch_noised3 (2).wav,5,D
noise_01stretch_noised3.wav,5,D
noise_01stretch_noised4 (1).wav,5,D
noise_01stretch_noised4 (2).wav,5,D
noise_01stretch_noised4.wav,5,D
noise_01stretch_noised5.wav,5,D
stretch_1d3 (2).wav,5,D
stretch_1d3 (3).wav,5,D
stretch_1d3.wav,5,D
stretch_1d4 (2).wav,5,D
stretch_1d4 (3).wav,5,D
stretch_1d4.wav,5,D
stretch_1d5.wav,5,D
stretch_d3 (1).wav,5,D
stretch_d3 (2).wav,5,D
stretch_d3.wav,5,D
stretch_d4 (1).wav,5,D
stretch_d4 (2).wav,5,D
stretch_d4.wav,5,D
stretch_d5.wav,5,D
stretch_noise1d3 (2).wav,5,D
stretch_noise1d3 (3).wav,5,D
stretch_noise1d3.wav,5,D
stretch_noise1d4 (2).wav,5,D
stretch_noise1d4 (3).wav,5,D
stretch_noise1d4.wav,5,D
stretch_noise1d5.wav,5,D
stretch_noise2_1d3 (2).wav,5,D
stretch_noise2_1d3 (3).wav,5,D
stretch_noise2_1d3.wav,5,D
stretch_noise2_1d4 (2).wav,5,D
stretch_noise2_1d4 (3).wav,5,D
stretch_noise2_1d4.wav,5,D
stretch_noise2_1d5.wav,5,D
stretch_noise2_d3 (1).wav,5,D
stretch_noise2_d3 (2).wav,5,D
stretch_noise2_d3.wav,5,D
stretch_noise2_d4 (1).wav,5,D
stretch_noise2_d4 (2).wav,5,D
stretch_noise2_d4.wav,5,D
stretch_noise2_d5.wav,5,D
stretch_noise2_noise1d3 (2).wav,5,D
stretch_noise2_noise1d3 (3).wav,5,D
stretch_noise2_noise1d3.wav,5,D
stretch_noise2_noise1d4 (2).wav,5,D
stretch_noise2_noise1d4 (3).wav,5,D
stretch_noise2_noise1d4.wav,5,D
stretch_noise2_noise1d5.wav,5,D
stretch_noise2_noised3 (1).wav,5,D
stretch_noise2_noised3 (2).wav,5,D
stretch_noise2_noised3.wav,5,D
stretch_noise2_noised4 (1).wav,5,D
stretch_noise2_noised4 (2).wav,5,D
stretch_noise2_noised4.wav,5,D
stretch_noise2_noised5.wav,5,D
stretch_noised3 (1).wav,5,D
stretch_noised3 (2).wav,5,D
stretch_noised3.wav,5,D
stretch_noised4 (1).wav,5,D
stretch_noised4 (2).wav,5,D
stretch_noised4.wav,5,D
stretch_noised5.wav,5,D
1d#3 (2).wav,6,D#
1d#3 (3).wav,6,D#
1d#3.wav,6,D#
1d#4 (2).wav,6,D#
1d#4.wav,6,D#
1d#5.wav,6,D#
d#3 (1).wav,6,D#
d#3 (2).wav,6,D#
d#3.wav,6,D#
d#4 (1).wav,6,D#
d#4.wav,6,D#
d#5.wav,6,D#
noise1d#3 (2).wav,6,D#
noise1d#3 (3).wav,6,D#
noise1d#3.wav,6,D#
noise1d#4 (2).wav,6,D#
noise1d#4.wav,6,D#
noise1d#5.wav,6,D#
noise2_1d#3 (2).wav,6,D#
noise2_1d#3 (3).wav,6,D#
noise2_1d#3.wav,6,D#
noise2_1d#4 (2).wav,6,D#
noise2_1d#4.wav,6,D#
noise2_1d#5.wav,6,D#
noise2_d#3 (1).wav,6,D#
noise2_d#3 (2).wav,6,D#
noise2_d#3.wav,6,D#
noise2_d#4 (1).wav,6,D#
noise2_d#4.wav,6,D#
noise2_d#5.wav,6,D#
noise2_noise1d#3 (2).wav,6,D#
noise2_noise1d#3 (3).wav,6,D#
noise2_noise1d#3.wav,6,D#
noise2_noise1d#4 (2).wav,6,D#
noise2_noise1d#4.wav,6,D#
noise2_noise1d#5.wav,6,D#
noise2_noised#3 (1).wav,6,D#
noise2_noised#3 (2).wav,6,D#
noise2_noised#3.wav,6,D#
noise2_noised#4 (1).wav,6,D#
noise2_noised#4.wav,6,D#
noise2_noised#5.wav,6,D#
noised#3 (1).wav,6,D#
noised#3 (2).wav,6,D#
noised#3.wav,6,D#
noised#4 (1).wav,6,D#
noised#4.wav,6,D#
noised#5.wav,6,D#
noise_011d#3 (2).wav,6,D#
noise_011d#3 (3).wav,6,D#
noise_011d#3.wav,6,D#
noise_011d#4 (2).wav,6,D#
noise_011d#4.wav,6,D#
noise_011d#5.wav,6,D#
noise_01d#3 (1).wav,6,D#
noise_01d#3 (2).wav,6,D#
noise_01d#3.wav,6,D#
noise_01d#4 (1).wav,6,D#
noise_01d#4.wav,6,D#
noise_01d#5.wav,6,D#
noise_01noise1d#3 (2).wav,6,D#
noise_01noise1d#3 (3).wav,6,D#
noise_01noise1d#3.wav,6,D#
noise_01noise1d#4 (2).wav,6,D#
noise_01noise1d#4.wav,6,D#
noise_01noise1d#5.wav,6,D#
noise_01noise2_1d#3 (2).wav,6,D#
noise_01noise2_1d#3 (3).wav,6,D#
noise_01noise2_1d#3.wav,6,D#
noise_01noise2_1d#4 (2).wav,6,D#
noise_01noise2_1d#4.wav,6,D#
noise_01noise2_1d#5.wav,6,D#
noise_01noise2_d#3 (1).wav,6,D#
noise_01noise2_d#3 (2).wav,6,D#
noise_01noise2_d#3.wav,6,D#
noise_01noise2_d#4 (1).wav,6,D#
noise_01noise2_d#4.wav,6,D#
noise_01noise2_d#5.wav,6,D#
noise_01noise2_noise1d#3 (2).wav,6,D#
noise_01noise2_noise1d#3 (3).wav,6,D#
noise_01noise2_noise1d#3.wav,6,D#
noise_01noise2_noise1d#4 (2).wav,6,D#
noise_01noise2_noise1d#4.wav,6,D#
noise_01noise2_noise1d#5.wav,6,D#
noise_01noise2_noised#3 (1).wav,6,D#
noise_01noise2_noised#3 (2).wav,6,D#
noise_01noise2_noised#3.wav,6,D#
noise_01noise2_noised#4 (1).wav,6,D#
noise_01noise2_noised#4.wav,6,D#
noise_01noise2_noised#5.wav,6,D#
noise_01noised#3 (1).wav,6,D#
noise_01noised#3 (2).wav,6,D#
noise_01noised#3.wav,6,D#
noise_01noised#4 (1).wav,6,D#
noise_01noised#4.wav,6,D#
noise_01noised#5.wav,6,D#
noise_01stretch_1d#3 (2).wav,6,D#
noise_01stretch_1d#3 (3).wav,6,D#
noise_01stretch_1d#3.wav,6,D#
noise_01stretch_1d#4 (2).wav,6,D#
noise_01stretch_1d#4.wav,6,D#
noise_01stretch_1d#5.wav,6,D#
noise_01stretch_d#3 (1).wav,6,D#
noise_01stretch_d#3 (2).wav,6,D#
noise_01stretch_d#3.wav,6,D#
noise_01stretch_d#4 (1).wav,6,D#
noise_01stretch_d#4.wav,6,D#
noise_01stretch_d#5.wav,6,D#
noise_01stretch_noise1d#3 (2).wav,6,D#
noise_01stretch_noise1d#3 (3).wav,6,D#
noise_01stretch_noise1d#3.wav,6,D#
noise_01stretch_noise1d#4 (2).wav,6,D#
noise_01stretch_noise1d#4.wav,6,D#
noise_01stretch_noise1d#5.wav,6,D#
noise_01stretch_noise2_1d#3 (2).wav,6,D#
noise_01stretch_noise2_1d#3 (3).wav,6,D#
noise_01stretch_noise2_1d#3.wav,6,D#
noise_01stretch_noise2_1d#4 (2).wav,6,D#
noise_01stretch_noise2_1d#4.wav,6,D#
noise_01stretch_noise2_1d#5.wav,6,D#
noise_01stretch_noise2_d#3 (1).wav,6,D#
noise_01stretch_noise2_d#3 (2).wav,6,D#
noise_01stretch_noise2_d#3.wav,6,D#
noise_01stretch_noise2_d#4 (1).wav,6,D#
noise_01stretch_noise2_d#4.wav,6,D#
noise_01stretch_noise2_d#5.wav,6,D#
noise_01stretch_noise2_noise1d#3 (2).wav,6,D#
noise_01stretch_noise2_noise1d#3 (3).wav,6,D#
noise_01stretch_noise2_noise1d#3.wav,6,D#
noise_01stretch_noise2_noise1d#4 (2).wav,6,D#
noise_01stretch_noise2_noise1d#4.wav,6,D#
noise_01stretch_noise2_noise1d#5.wav,6,D#
noise_01stretch_noise2_noised#3 (1).wav,6,D#
noise_01stretch_noise2_noised#3 (2).wav,6,D#
noise_01stretch_noise2_noised#3.wav,6,D#
noise_01stretch_noise2_noised#4 (1).wav,6,D#
noise_01stretch_noise2_noised#4.wav,6,D#
noise_01stretch_noise2_noised#5.wav,6,D#
noise_01stretch_noised#3 (1).wav,6,D#
noise_01stretch_noised#3 (2).wav,6,D#
noise_01stretch_noised#3.wav,6,D#
noise_01stretch_noised#4 (1).wav,6,D#
noise_01stretch_noised#4.wav,6,D#
noise_01stretch_noised#5.wav,6,D#
stretch_1d#3 (2).wav,6,D#
stretch_1d#3 (3).wav,6,D#
stretch_1d#3.wav,6,D#
stretch_1d#4 (2).wav,6,D#
stretch_1d#4.wav,6,D#
stretch_1d#5.wav,6,D#
stretch_d#3 (1).wav,6,D#
stretch_d#3 (2).wav,6,D#
stretch_d#3.wav,6,D#
stretch_d#4 (1).wav,6,D#
stretch_d#4.wav,6,D#
stretch_d#5.wav,6,D#
stretch_noise1d#3 (2).wav,6,D#
stretch_noise1d#3 (3).wav,6,D#
stretch_noise1d#3.wav,6,D#
stretch_noise1d#4 (2).wav,6,D#
stretch_noise1d#4.wav,6,D#
stretch_noise1d#5.wav,6,D#
stretch_noise2_1d#3 (2).wav,6,D#
stretch_noise2_1d#3 (3).wav,6,D#
stretch_noise2_1d#3.wav,6,D#
stretch_noise2_1d#4 (2).wav,6,D#
stretch_noise2_1d#4.wav,6,D#
stretch_noise2_1d#5.wav,6,D#
stretch_noise2_d#3 (1).wav,6,D#
stretch_noise2_d#3 (2).wav,6,D#
stretch_noise2_d#3.wav,6,D#
stretch_noise2_d#4 (1).wav,6,D#
stretch_noise2_d#4.wav,6,D#
stretch_noise2_d#5.wav,6,D#
stretch_noise2_noise1d#3 (2).wav,6,D#
stretch_noise2_noise1d#3 (3).wav,6,D#
stretch_noise2_noise1d#3.wav,6,D#
stretch_noise2_noise1d#4 (2).wav,6,D#
stretch_noise2_noise1d#4.wav,6,D#
stretch_noise2_noise1d#5.wav,6,D#
stretch_noise2_noised#3 (1).wav,6,D#
stretch_noise2_noised#3 (2).wav,6,D#
stretch_noise2_noised#3.wav,6,D#
stretch_noise2_noised#4 (1).wav,6,D#
stretch_noise2_noised#4.wav,6,D#
stretch_noise2_noised#5.wav,6,D#
stretch_noised#3 (1).wav,6,D#
stretch_noised#3 (2).wav,6,D#
stretch_noised#3.wav,6,D#
stretch_noised#4 (1).wav,6,D#
stretch_noised#4.wav,6,D#
stretch_noised#5.wav,6,D#
1e2.wav,7,E
1e3 (2).wav,7,E
1e3 (3).wav,7,E
1e3.wav,7,E
1e4 (2).wav,7,E
1e4 (3).wav,7,E
1e4.wav,7,E
1e5.wav,7,E
e2.wav,7,E
e3 (1).wav,7,E
e3 (2).wav,7,E
e3.wav,7,E
e4 (1).wav,7,E
e4 (2).wav,7,E
e4.wav,7,E
e5.wav,7,E
noise1e2.wav,7,E
noise1e3 (2).wav,7,E
noise1e3 (3).wav,7,E
noise1e3.wav,7,E
noise1e4 (2).wav,7,E
noise1e4 (3).wav,7,E
noise1e4.wav,7,E
noise1e5.wav,7,E
noise2_1e2.wav,7,E
noise2_1e3 (2).wav,7,E
noise2_1e3 (3).wav,7,E
noise2_1e3.wav,7,E
noise2_1e4 (2).wav,7,E
noise2_1e4 (3).wav,7,E
noise2_1e4.wav,7,E
noise2_1e5.wav,7,E
noise2_e2.wav,7,E
noise2_e3 (1).wav,7,E
noise2_e3 (2).wav,7,E
noise2_e3.wav,7,E
noise2_e4 (1).wav,7,E
noise2_e4 (2).wav,7,E
noise2_e4.wav,7,E
noise2_e5.wav,7,E
noise2_noise1e2.wav,7,E
noise2_noise1e3 (2).wav,7,E
noise2_noise1e3 (3).wav,7,E
noise2_noise1e3.wav,7,E
noise2_noise1e4 (2).wav,7,E
noise2_noise1e4 (3).wav,7,E
noise2_noise1e4.wav,7,E
noise2_noise1e5.wav,7,E
noise2_noisee2.wav,7,E
noise2_noisee3 (1).wav,7,E
noise2_noisee3 (2).wav,7,E
noise2_noisee3.wav,7,E
noise2_noisee4 (1).wav,7,E
noise2_noisee4 (2).wav,7,E
noise2_noisee4.wav,7,E
noise2_noisee5.wav,7,E
noisee2.wav,7,E
noisee3 (1).wav,7,E
noisee3 (2).wav,7,E
noisee3.wav,7,E
noisee4 (1).wav,7,E
noisee4 (2).wav,7,E
noisee4.wav,7,E
noisee5.wav,7,E
noise_011e2.wav,7,E
noise_011e3 (2).wav,7,E
noise_011e3 (3).wav,7,E
noise_011e3.wav,7,E
noise_011e4 (2).wav,7,E
noise_011e4 (3).wav,7,E
noise_011e4.wav,7,E
noise_011e5.wav,7,E
noise_01e2.wav,7,E
noise_01e3 (1).wav,7,E
noise_01e3 (2).wav,7,E
noise_01e3.wav,7,E
noise_01e4 (1).wav,7,E
noise_01e4 (2).wav,7,E
noise_01e4.wav,7,E
noise_01e5.wav,7,E
noise_01noise1e2.wav,7,E
noise_01noise1e3 (2).wav,7,E
noise_01noise1e3 (3).wav,7,E
noise_01noise1e3.wav,7,E
noise_01noise1e4 (2).wav,7,E
noise_01noise1e4 (3).wav,7,E
noise_01noise1e4.wav,7,E
noise_01noise1e5.wav,7,E
noise_01noise2_1e2.wav,7,E
noise_01noise2_1e3 (2).wav,7,E
noise_01noise2_1e3 (3).wav,7,E
noise_01noise2_1e3.wav,7,E
noise_01noise2_1e4 (2).wav,7,E
noise_01noise2_1e4 (3).wav,7,E
noise_01noise2_1e4.wav,7,E
noise_01noise2_1e5.wav,7,E
noise_01noise2_e2.wav,7,E
noise_01noise2_e3 (1).wav,7,E
noise_01noise2_e3 (2).wav,7,E
noise_01noise2_e3.wav,7,E
noise_01noise2_e4 (1).wav,7,E
noise_01noise2_e4 (2).wav,7,E
noise_01noise2_e4.wav,7,E
noise_01noise2_e5.wav,7,E
noise_01noise2_noise1e2.wav,7,E
noise_01noise2_noise1e3 (2).wav,7,E
noise_01noise2_noise1e3 (3).wav,7,E
noise_01noise2_noise1e3.wav,7,E
noise_01noise2_noise1e4 (2).wav,7,E
noise_01noise2_noise1e4 (3).wav,7,E
noise_01noise2_noise1e4.wav,7,E
noise_01noise2_noise1e5.wav,7,E
noise_01noise2_noisee2.wav,7,E
noise_01noise2_noisee3 (1).wav,7,E
noise_01noise2_noisee3 (2).wav,7,E
noise_01noise2_noisee3.wav,7,E
noise_01noise2_noisee4 (1).wav,7,E
noise_01noise2_noisee4 (2).wav,7,E
noise_01noise2_noisee4.wav,7,E
noise_01noise2_noisee5.wav,7,E
noise_01noisee2.wav,7,E
noise_01noisee3 (1).wav,7,E
noise_01noisee3 (2).wav,7,E
noise_01noisee3.wav,7,E
noise_01noisee4 (1).wav,7,E
noise_01noisee4 (2).wav,7,E
noise_01noisee4.wav,7,E
noise_01noisee5.wav,7,E
noise_01stretch_1e2.wav,7,E
noise_01stretch_1e3 (2).wav,7,E
noise_01stretch_1e3 (3).wav,7,E
noise_01stretch_1e3.wav,7,E
noise_01stretch_1e4 (2).wav,7,E
noise_01stretch_1e4 (3).wav,7,E
noise_01stretch_1e4.wav,7,E
noise_01stretch_1e5.wav,7,E
noise_01stretch_e2.wav,7,E
noise_01stretch_e3 (1).wav,7,E
noise_01stretch_e3 (2).wav,7,E
noise_01stretch_e3.wav,7,E
noise_01stretch_e4 (1).wav,7,E
noise_01stretch_e4 (2).wav,7,E
noise_01stretch_e4.wav,7,E
noise_01stretch_e5.wav,7,E
noise_01stretch_noise1e2.wav,7,E
noise_01stretch_noise1e3 (2).wav,7,E
noise_01stretch_noise1e3 (3).wav,7,E
noise_01stretch_noise1e3.wav,7,E
noise_01stretch_noise1e4 (2).wav,7,E
noise_01stretch_noise1e4 (3).wav,7,E
noise_01stretch_noise1e4.wav,7,E
noise_01stretch_noise1e5.wav,7,E
noise_01stretch_noise2_1e2.wav,7,E
noise_01stretch_noise2_1e3 (2).wav,7,E
noise_01stretch_noise2_1e3 (3).wav,7,E
noise_01stretch_noise2_1e3.wav,7,E
noise_01stretch_noise2_1e4 (2).wav,7,E
noise_01stretch_noise2_1e4 (3).wav,7,E
noise_01stretch_noise2_1e4.wav,7,E
noise_01stretch_noise2_1e5.wav,7,E
noise_01stretch_noise2_e2.wav,7,E
noise_01stretch_noise2_e3 (1).wav,7,E
noise_01stretch_noise2_e3 (2).wav,7,E
noise_01stretch_noise2_e3.wav,7,E
noise_01stretch_noise2_e4 (1).wav,7,E
noise_01stretch_noise2_e4 (2).wav,7,E
noise_01stretch_noise2_e4.wav,7,E
noise_01stretch_noise2_e5.wav,7,E
noise_01stretch_noise2_noise1e2.wav,7,E
noise_01stretch_noise2_noise1e3 (2).wav,7,E
noise_01stretch_noise2_noise1e3 (3).wav,7,E
noise_01stretch_noise2_noise1e3.wav,7,E
noise_01stretch_noise2_noise1e4 (2).wav,7,E
noise_01stretch_noise2_noise1e4 (3).wav,7,E
noise_01stretch_noise2_noise1e4.wav,7,E
noise_01stretch_noise2_noise1e5.wav,7,E
noise_01stretch_noise2_noisee2.wav,7,E
noise_01stretch_noise2_noisee3 (1).wav,7,E
noise_01stretch_noise2_noisee3 (2).wav,7,E
noise_01stretch_noise2_noisee3.wav,7,E
noise_01stretch_noise2_noisee4 (1).wav,7,E
noise_01stretch_noise2_noisee4 (2).wav,7,E
noise_01stretch_noise2_noisee4.wav,7,E
noise_01stretch_noise2_noisee5.wav,7,E
noise_01stretch_noisee2.wav,7,E
noise_01stretch_noisee3 (1).wav,7,E
noise_01stretch_noisee3 (2).wav,7,E
noise_01stretch_noisee3.wav,7,E
noise_01stretch_noisee4 (1).wav,7,E
noise_01stretch_noisee4 (2).wav,7,E
noise_01stretch_noisee4.wav,7,E
noise_01stretch_noisee5.wav,7,E
stretch_1e2.wav,7,E
stretch_1e3 (2).wav,7,E
stretch_1e3 (3).wav,7,E
stretch_1e3.wav,7,E
stretch_1e4 (2).wav,7,E
stretch_1e4 (3).wav,7,E
stretch_1e4.wav,7,E
stretch_1e5.wav,7,E
stretch_e2.wav,7,E
stretch_e3 (1).wav,7,E
stretch_e3 (2).wav,7,E
stretch_e3.wav,7,E
stretch_e4 (1).wav,7,E
stretch_e4 (2).wav,7,E
stretch_e4.wav,7,E
stretch_e5.wav,7,E
stretch_noise1e2.wav,7,E
stretch_noise1e3 (2).wav,7,E
stretch_noise1e3 (3).wav,7,E
stretch_noise1e3.wav,7,E
stretch_noise1e4 (2).wav,7,E
stretch_noise1e4 (3).wav,7,E
stretch_noise1e4.wav,7,E
stretch_noise1e5.wav,7,E
stretch_noise2_1e2.wav,7,E
stretch_noise2_1e3 (2).wav,7,E
stretch_noise2_1e3 (3).wav,7,E
stretch_noise2_1e3.wav,7,E
stretch_noise2_1e4 (2).wav,7,E
stretch_noise2_1e4 (3).wav,7,E
stretch_noise2_1e4.wav,7,E
stretch_noise2_1e5.wav,7,E
stretch_noise2_e2.wav,7,E
stretch_noise2_e3 (1).wav,7,E
stretch_noise2_e3 (2).wav,7,E
stretch_noise2_e3.wav,7,E
stretch_noise2_e4 (1).wav,7,E
stretch_noise2_e4 (2).wav,7,E
stretch_noise2_e4.wav,7,E
stretch_noise2_e5.wav,7,E
stretch_noise2_noise1e2.wav,7,E
stretch_noise2_noise1e3 (2).wav,7,E
stretch_noise2_noise1e3 (3).wav,7,E
stretch_noise2_noise1e3.wav,7,E
stretch_noise2_noise1e4 (2).wav,7,E
stretch_noise2_noise1e4 (3).wav,7,E
stretch_noise2_noise1e4.wav,7,E
stretch_noise2_noise1e5.wav,7,E
stretch_noise2_noisee2.wav,7,E
stretch_noise2_noisee3 (1).wav,7,E
stretch_noise2_noisee3 (2).wav,7,E
stretch_noise2_noisee3.wav,7,E
stretch_noise2_noisee4 (1).wav,7,E
stretch_noise2_noisee4 (2).wav,7,E
stretch_noise2_noisee4.wav,7,E
stretch_noise2_noisee5.wav,7,E
stretch_noisee2.wav,7,E
stretch_noisee3 (1).wav,7,E
stretch_noisee3 (2).wav,7,E
stretch_noisee3.wav,7,E
stretch_noisee4 (1).wav,7,E
stretch_noisee4 (2).wav,7,E
stretch_noisee4.wav,7,E
stretch_noisee5.wav,7,E
1f2.wav,8,F
1f3 (2).wav,8,F
1f3.wav,8,F
1f4 (2).wav,8,F
1f4 (3).wav,8,F
1f4.wav,8,F
f2.wav,8,F
f3 (1).wav,8,F
f3.wav,8,F
f4 (1).wav,8,F
f4 (2).wav,8,F
f4.wav,8,F
noise1f2.wav,8,F
noise1f3 (2).wav,8,F
noise1f3.wav,8,F
noise1f4 (2).wav,8,F
noise1f4 (3).wav,8,F
noise1f4.wav,8,F
noise2_1f2.wav,8,F
noise2_1f3 (2).wav,8,F
noise2_1f3.wav,8,F
noise2_1f4 (2).wav,8,F
noise2_1f4 (3).wav,8,F
noise2_1f4.wav,8,F
noise2_f2.wav,8,F
noise2_f3 (1).wav,8,F
noise2_f3.wav,8,F
noise2_f4 (1).wav,8,F
noise2_f4 (2).wav,8,F
noise2_f4.wav,8,F
noise2_noise1f2.wav,8,F
noise2_noise1f3 (2).wav,8,F
noise2_noise1f3.wav,8,F
noise2_noise1f4 (2).wav,8,F
noise2_noise1f4 (3).wav,8,F
noise2_noise1f4.wav,8,F
noise2_noisef2.wav,8,F
noise2_noisef3 (1).wav,8,F
noise2_noisef3.wav,8,F
noise2_noisef4 (1).wav,8,F
noise2_noisef4 (2).wav,8,F
noise2_noisef4.wav,8,F
noisef2.wav,8,F
noisef3 (1).wav,8,F
noisef3.wav,8,F
noisef4 (1).wav,8,F
noisef4 (2).wav,8,F
noisef4.wav,8,F
noise_011f2.wav,8,F
noise_011f3 (2).wav,8,F
noise_011f3.wav,8,F
noise_011f4 (2).wav,8,F
noise_011f4 (3).wav,8,F
noise_011f4.wav,8,F
noise_01f2.wav,8,F
noise_01f3 (1).wav,8,F
noise_01f3.wav,8,F
noise_01f4 (1).wav,8,F
noise_01f4 (2).wav,8,F
noise_01f4.wav,8,F
noise_01noise1f2.wav,8,F
noise_01noise1f3 (2).wav,8,F
noise_01noise1f3.wav,8,F
noise_01noise1f4 (2).wav,8,F
noise_01noise1f4 (3).wav,8,F
noise_01noise1f4.wav,8,F
noise_01noise2_1f2.wav,8,F
noise_01noise2_1f3 (2).wav,8,F
noise_01noise2_1f3.wav,8,F
noise_01noise2_1f4 (2).wav,8,F
noise_01noise2_1f4 (3).wav,8,F
noise_01noise2_1f4.wav,8,F
noise_01noise2_f2.wav,8,F
noise_01noise2_f3 (1).wav,8,F
noise_01noise2_f3.wav,8,F
noise_01noise2_f4 (1).wav,8,F
noise_01noise2_f4 (2).wav,8,F
noise_01noise2_f4.wav,8,F
noise_01noise2_noise1f2.wav,8,F
noise_01noise2_noise1f3 (2).wav,8,F
noise_01noise2_noise1f3.wav,8,F
noise_01noise2_noise1f4 (2).wav,8,F
noise_01noise2_noise1f4 (3).wav,8,F
noise_01noise2_noise1f4.wav,8,F
noise_01noise2_noisef2.wav,8,F
noise_01noise2_noisef3 (1).wav,8,F
noise_01noise2_noisef3.wav,8,F
noise_01noise2_noisef4 (1).wav,8,F
noise_01noise2_noisef4 (2).wav,8,F
noise_01noise2_noisef4.wav,8,F
noise_01noisef2.wav,8,F
noise_01noisef3 (1).wav,8,F
noise_01noisef3.wav,8,F
noise_01noisef4 (1).wav,8,F
noise_01noisef4 (2).wav,8,F
noise_01noisef4.wav,8,F
noise_01stretch_1f2.wav,8,F
noise_01stretch_1f3 (2).wav,8,F
noise_01stretch_1f3.wav,8,F
noise_01stretch_1f4 (2).wav,8,F
noise_01stretch_1f4 (3).wav,8,F
noise_01stretch_1f4.wav,8,F
noise_01stretch_f2.wav,8,F
noise_01stretch_f3 (1).wav,8,F
noise_01stretch_f3.wav,8,F
noise_01stretch_f4 (1).wav,8,F
noise_01stretch_f4 (2).wav,8,F
noise_01stretch_f4.wav,8,F
noise_01stretch_noise1f2.wav,8,F
noise_01stretch_noise1f3 (2).wav,8,F
noise_01stretch_noise1f3.wav,8,F
noise_01stretch_noise1f4 (2).wav,8,F
noise_01stretch_noise1f4 (3).wav,8,F
noise_01stretch_noise1f4.wav,8,F
noise_01stretch_noise2_1f2.wav,8,F
noise_01stretch_noise2_1f3 (2).wav,8,F
noise_01stretch_noise2_1f3.wav,8,F
noise_01stretch_noise2_1f4 (2).wav,8,F
noise_01stretch_noise2_1f4 (3).wav,8,F
noise_01stretch_noise2_1f4.wav,8,F
noise_01stretch_noise2_f2.wav,8,F
noise_01stretch_noise2_f3 (1).wav,8,F
noise_01stretch_noise2_f3.wav,8,F
noise_01stretch_noise2_f4 (1).wav,8,F
noise_01stretch_noise2_f4 (2).wav,8,F
noise_01stretch_noise2_f4.wav,8,F
noise_01stretch_noise2_noise1f2.wav,8,F
noise_01stretch_noise2_noise1f3 (2).wav,8,F
noise_01stretch_noise2_noise1f3.wav,8,F
noise_01stretch_noise2_noise1f4 (2).wav,8,F
noise_01stretch_noise2_noise1f4 (3).wav,8,F
noise_01stretch_noise2_noise1f4.wav,8,F
noise_01stretch_noise2_noisef2.wav,8,F
noise_01stretch_noise2_noisef3 (1).wav,8,F
noise_01stretch_noise2_noisef3.wav,8,F
noise_01stretch_noise2_noisef4 (1).wav,8,F
noise_01stretch_noise2_noisef4 (2).wav,8,F
noise_01stretch_noise2_noisef4.wav,8,F
noise_01stretch_noisef2.wav,8,F
noise_01stretch_noisef3 (1).wav,8,F
noise_01stretch_noisef3.wav,8,F
noise_01stretch_noisef4 (1).wav,8,F
noise_01stretch_noisef4 (2).wav,8,F
noise_01stretch_noisef4.wav,8,F
stretch_1f2.wav,8,F
stretch_1f3 (2).wav,8,F
stretch_1f3.wav,8,F
stretch_1f4 (2).wav,8,F
stretch_1f4 (3).wav,8,F
stretch_1f4.wav,8,F
stretch_f2.wav,8,F
stretch_f3 (1).wav,8,F
stretch_f3.wav,8,F
stretch_f4 (1).wav,8,F
stretch_f4 (2).wav,8,F
stretch_f4.wav,8,F
stretch_noise1f2.wav,8,F
stretch_noise1f3 (2).wav,8,F
stretch_noise1f3.wav,8,F
stretch_noise1f4 (2).wav,8,F
stretch_noise1f4 (3).wav,8,F
stretch_noise1f4.wav,8,F
stretch_noise2_1f2.wav,8,F
stretch_noise2_1f3 (2).wav,8,F
stretch_noise2_1f3.wav,8,F
stretch_noise2_1f4 (2).wav,8,F
stretch_noise2_1f4 (3).wav,8,F
stretch_noise2_1f4.wav,8,F
stretch_noise2_f2.wav,8,F
stretch_noise2_f3 (1).wav,8,F
stretch_noise2_f3.wav,8,F
stretch_noise2_f4 (1).wav,8,F
stretch_noise2_f4 (2).wav,8,F
stretch_noise2_f4.wav,8,F
stretch_noise2_noise1f2.wav,8,F
stretch_noise2_noise1f3 (2).wav,8,F
stretch_noise2_noise1f3.wav,8,F
stretch_noise2_noise1f4 (2).wav,8,F
stretch_noise2_noise1f4 (3).wav,8,F
stretch_noise2_noise1f4.wav,8,F
stretch_noise2_noisef2.wav,8,F
stretch_noise2_noisef3 (1).wav,8,F
stretch_noise2_noisef3.wav,8,F
stretch_noise2_noisef4 (1).wav,8,F
stretch_noise2_noisef4 (2).wav,8,F
stretch_noise2_noisef4.wav,8,F
stretch_noisef2.wav,8,F
stretch_noisef3 (1).wav,8,F
stretch_noisef3.wav,8,F
stretch_noisef4 (1).wav,8,F
stretch_noisef4 (2).wav,8,F
stretch_noisef4.wav,8,F
1f#2.wav,9,F#
1f#3 (2).wav,9,F#
1f#3.wav,9,F#
1f#4 (2).wav,9,F#
1f#4 (3).wav,9,F#
1f#4.wav,9,F#
f#2.wav,9,F#
f#3 (1).wav,9,F#
f#3.wav,9,F#
f#4 (1).wav,9,F#
f#4 (2).wav,9,F#
f#4.wav,9,F#
noise1f#2.wav,9,F#
noise1f#3 (2).wav,9,F#
noise1f#3.wav,9,F#
noise1f#4 (2).wav,9,F#
noise1f#4 (3).wav,9,F#
noise1f#4.wav,9,F#
noise2_1f#2.wav,9,F#
noise2_1f#3 (2).wav,9,F#
noise2_1f#3.wav,9,F#
noise2_1f#4 (2).wav,9,F#
noise2_1f#4 (3).wav,9,F#
noise2_1f#4.wav,9,F#
noise2_f#2.wav,9,F#
noise2_f#3 (1).wav,9,F#
noise2_f#3.wav,9,F#
noise2_f#4 (1).wav,9,F#
noise2_f#4 (2).wav,9,F#
noise2_f#4.wav,9,F#
noise2_noise1f#2.wav,9,F#
noise2_noise1f#3 (2).wav,9,F#
noise2_noise1f#3.wav,9,F#
noise2_noise1f#4 (2).wav,9,F#
noise2_noise1f#4 (3).wav,9,F#
noise2_noise1f#4.wav,9,F#
noise2_noisef#2.wav,9,F#
noise2_noisef#3 (1).wav,9,F#
noise2_noisef#3.wav,9,F#
noise2_noisef#4 (1).wav,9,F#
noise2_noisef#4 (2).wav,9,F#
noise2_noisef#4.wav,9,F#
noisef#2.wav,9,F#
noisef#3 (1).wav,9,F#
noisef#3.wav,9,F#
noisef#4 (1).wav,9,F#
noisef#4 (2).wav,9,F#
noisef#4.wav,9,F#
noise_011f#2.wav,9,F#
noise_011f#3 (2).wav,9,F#
noise_011f#3.wav,9,F#
noise_011f#4 (2).wav,9,F#
noise_011f#4 (3).wav,9,F#
noise_011f#4.wav,9,F#
noise_01f#2.wav,9,F#
noise_01f#3 (1).wav,9,F#
noise_01f#3.wav,9,F#
noise_01f#4 (1).wav,9,F#
noise_01f#4 (2).wav,9,F#
noise_01f#4.wav,9,F#
noise_01noise1f#2.wav,9,F#
noise_01noise1f#3 (2).wav,9,F#
noise_01noise1f#3.wav,9,F#
noise_01noise1f#4 (2).wav,9,F#
noise_01noise1f#4 (3).wav,9,F#
noise_01noise1f#4.wav,9,F#
noise_01noise2_1f#2.wav,9,F#
noise_01noise2_1f#3 (2).wav,9,F#
noise_01noise2_1f#3.wav,9,F#
noise_01noise2_1f#4 (2).wav,9,F#
noise_01noise2_1f#4 (3).wav,9,F#
noise_01noise2_1f#4.wav,9,F#
noise_01noise2_f#2.wav,9,F#
noise_01noise2_f#3 (1).wav,9,F#
noise_01noise2_f#3.wav,9,F#
noise_01noise2_f#4 (1).wav,9,F#
noise_01noise2_f#4 (2).wav,9,F#
noise_01noise2_f#4.wav,9,F#
noise_01noise2_noise1f#2.wav,9,F#
noise_01noise2_noise1f#3 (2).wav,9,F#
noise_01noise2_noise1f#3.wav,9,F#
noise_01noise2_noise1f#4 (2).wav,9,F#
noise_01noise2_noise1f#4 (3).wav,9,F#
noise_01noise2_noise1f#4.wav,9,F#
noise_01noise2_noisef#2.wav,9,F#
noise_01noise2_noisef#3 (1).wav,9,F#
noise_01noise2_noisef#3.wav,9,F#
noise_01noise2_noisef#4 (1).wav,9,F#
noise_01noise2_noisef#4 (2).wav,9,F#
noise_01noise2_noisef#4.wav,9,F#
noise_01noisef#2.wav,9,F#
noise_01noisef#3 (1).wav,9,F#
noise_01noisef#3.wav,9,F#
noise_01noisef#4 (1).wav,9,F#
noise_01noisef#4 (2).wav,9,F#
noise_01noisef#4.wav,9,F#
noise_01stretch_1f#2.wav,9,F#
noise_01stretch_1f#3 (2).wav,9,F#
noise_01stretch_1f#3.wav,9,F#
noise_01stretch_1f#4 (2).wav,9,F#
noise_01stretch_1f#4 (3).wav,9,F#
noise_01stretch_1f#4.wav,9,F#
noise_01stretch_f#2.wav,9,F#
noise_01stretch_f#3 (1).wav,9,F#
noise_01stretch_f#3.wav,9,F#
noise_01stretch_f#4 (1).wav,9,F#
noise_01stretch_f#4 (2).wav,9,F#
noise_01stretch_f#4.wav,9,F#
noise_01stretch_noise1f#2.wav,9,F#
noise_01stretch_noise1f#3 (2).wav,9,F#
noise_01stretch_noise1f#3.wav,9,F#
noise_01stretch_noise1f#4 (2).wav,9,F#
noise_01stretch_noise1f#4 (3).wav,9,F#
noise_01stretch_noise1f#4.wav,9,F#
noise_01stretch_noise2_1f#2.wav,9,F#
noise_01stretch_noise2_1f#3 (2).wav,9,F#
noise_01stretch_noise2_1f#3.wav,9,F#
noise_01stretch_noise2_1f#4 (2).wav,9,F#
noise_01stretch_noise2_1f#4 (3).wav,9,F#
noise_01stretch_noise2_1f#4.wav,9,F#
noise_01stretch_noise2_f#2.wav,9,F#
noise_01stretch_noise2_f#3 (1).wav,9,F#
noise_01stretch_noise2_f#3.wav,9,F#
noise_01stretch_noise2_f#4 (1).wav,9,F#
noise_01stretch_noise2_f#4 (2).wav,9,F#
noise_01stretch_noise2_f#4.wav,9,F#
noise_01stretch_noise2_noise1f#2.wav,9,F#
noise_01stretch_noise2_noise1f#3 (2).wav,9,F#
noise_01stretch_noise2_noise1f#3.wav,9,F#
noise_01stretch_noise2_noise1f#4 (2).wav,9,F#
noise_01stretch_noise2_noise1f#4 (3).wav,9,F#
noise_01stretch_noise2_noise1f#4.wav,9,F#
noise_01stretch_noise2_noisef#2.wav,9,F#
noise_01stretch_noise2_noisef#3 (1).wav,9,F#
noise_01stretch_noise2_noisef#3.wav,9,F#
noise_01stretch_noise2_noisef#4 (1).wav,9,F#
noise_01stretch_noise2_noisef#4 (2).wav,9,F#
noise_01stretch_noise2_noisef#4.wav,9,F#
noise_01stretch_noisef#2.wav,9,F#
noise_01stretch_noisef#3 (1).wav,9,F#
noise_01stretch_noisef#3.wav,9,F#
noise_01stretch_noisef#4 (1).wav,9,F#
noise_01stretch_noisef#4 (2).wav,9,F#
noise_01stretch_noisef#4.wav,9,F#
stretch_1f#2.wav,9,F#
stretch_1f#3 (2).wav,9,F#
stretch_1f#3.wav,9,F#
stretch_1f#4 (2).wav,9,F#
stretch_1f#4 (3).wav,9,F#
stretch_1f#4.wav,9,F#
stretch_f#2.wav,9,F#
stretch_f#3 (1).wav,9,F#
stretch_f#3.wav,9,F#
stretch_f#4 (1).wav,9,F#
stretch_f#4 (2).wav,9,F#
stretch_f#4.wav,9,F#
stretch_noise1f#2.wav,9,F#
stretch_noise1f#3 (2).wav,9,F#
stretch_noise1f#3.wav,9,F#
stretch_noise1f#4 (2).wav,9,F#
stretch_noise1f#4 (3).wav,9,F#
stretch_noise1f#4.wav,9,F#
stretch_noise2_1f#2.wav,9,F#
stretch_noise2_1f#3 (2).wav,9,F#
stretch_noise2_1f#3.wav,9,F#
stretch_noise2_1f#4 (2).wav,9,F#
stretch_noise2_1f#4 (3).wav,9,F#
stretch_noise2_1f#4.wav,9,F#
stretch_noise2_f#2.wav,9,F#
stretch_noise2_f#3 (1).wav,9,F#
stretch_noise2_f#3.wav,9,F#
stretch_noise2_f#4 (1).wav,9,F#
stretch_noise2_f#4 (2).wav,9,F#
stretch_noise2_f#4.wav,9,F#
stretch_noise2_noise1f#2.wav,9,F#
stretch_noise2_noise1f#3 (2).wav,9,F#
stretch_noise2_noise1f#3.wav,9,F#
stretch_noise2_noise1f#4 (2).wav,9,F#
stretch_noise2_noise1f#4 (3).wav,9,F#
stretch_noise2_noise1f#4.wav,9,F#
stretch_noise2_noisef#2.wav,9,F#
stretch_noise2_noisef#3 (1).wav,9,F#
stretch_noise2_noisef#3.wav,9,F#
stretch_noise2_noisef#4 (1).wav,9,F#
stretch_noise2_noisef#4 (2).wav,9,F#
stretch_noise2_noisef#4.wav,9,F#
stretch_noisef#2.wav,9,F#
stretch_noisef#3 (1).wav,9,F#
stretch_noisef#3.wav,9,F#
stretch_noisef#4 (1).wav,9,F#
stretch_noisef#4 (2).wav,9,F#
stretch_noisef#4.wav,9,F#
1g2.wav,10,G
1g3 (2).wav,10,G
1g3 (3).wav,10,G
1g3.wav,10,G
1g4 (2).wav,10,G
1g4 (3).wav,10,G
1g4.wav,10,G
g2.wav,10,G
g3 (1).wav,10,G
g3 (2).wav,10,G
g3.wav,10,G
g4 (1).wav,10,G
g4 (2).wav,10,G
g4.wav,10,G
noise1g2.wav,10,G
noise1g3 (2).wav,10,G
noise1g3 (3).wav,10,G
noise1g3.wav,10,G
noise1g4 (2).wav,10,G
noise1g4 (3).wav,10,G
noise1g4.wav,10,G
noise2_1g2.wav,10,G
noise2_1g3 (2).wav,10,G
noise2_1g3 (3).wav,10,G
noise2_1g3.wav,10,G
noise2_1g4 (2).wav,10,G
noise2_1g4 (3).wav,10,G
noise2_1g4.wav,10,G
noise2_g2.wav,10,G
noise2_g3 (1).wav,10,G
noise2_g3 (2).wav,10,G
noise2_g3.wav,10,G
noise2_g4 (1).wav,10,G
noise2_g4 (2).wav,10,G
noise2_g4.wav,10,G
noise2_noise1g2.wav,10,G
noise2_noise1g3 (2).wav,10,G
noise2_noise1g3 (3).wav,10,G
noise2_noise1g3.wav,10,G
noise2_noise1g4 (2).wav,10,G
noise2_noise1g4 (3).wav,10,G
noise2_noise1g4.wav,10,G
noise2_noiseg2.wav,10,G
noise2_noiseg3 (1).wav,10,G
noise2_noiseg3 (2).wav,10,G
noise2_noiseg3.wav,10,G
noise2_noiseg4 (1).wav,10,G
noise2_noiseg4 (2).wav,10,G
noise2_noiseg4.wav,10,G
noiseg2.wav,10,G
noiseg3 (1).wav,10,G
noiseg3 (2).wav,10,G
noiseg3.wav,10,G
noiseg4 (1).wav,10,G
noiseg4 (2).wav,10,G
noiseg4.wav,10,G
noise_011g2.wav,10,G
noise_011g3 (2).wav,10,G
noise_011g3 (3).wav,10,G
noise_011g3.wav,10,G
noise_011g4 (2).wav,10,G
noise_011g4 (3).wav,10,G
noise_011g4.wav,10,G
noise_01g2.wav,10,G
noise_01g3 (1).wav,10,G
noise_01g3 (2).wav,10,G
noise_01g3.wav,10,G
noise_01g4 (1).wav,10,G
noise_01g4 (2).wav,10,G
noise_01g4.wav,10,G
noise_01noise1g2.wav,10,G
noise_01noise1g3 (2).wav,10,G
noise_01noise1g3 (3).wav,10,G
noise_01noise1g3.wav,10,G
noise_01noise1g4 (2).wav,10,G
noise_01noise1g4 (3).wav,10,G
noise_01noise1g4.wav,10,G
noise_01noise2_1g2.wav,10,G
noise_01noise2_1g3 (2).wav,10,G
noise_01noise2_1g3 (3).wav,10,G
noise_01noise2_1g3.wav,10,G
noise_01noise2_1g4 (2).wav,10,G
noise_01noise2_1g4 (3).wav,10,G
noise_01noise2_1g4.wav,10,G
noise_01noise2_g2.wav,10,G
noise_01noise2_g3 (1).wav,10,G
noise_01noise2_g3 (2).wav,10,G
noise_01noise2_g3.wav,10,G
noise_01noise2_g4 (1).wav,10,G
noise_01noise2_g4 (2).wav,10,G
noise_01noise2_g4.wav,10,G
noise_01noise2_noise1g2.wav,10,G
noise_01noise2_noise1g3 (2).wav,10,G
noise_01noise2_noise1g3 (3).wav,10,G
noise_01noise2_noise1g3.wav,10,G
noise_01noise2_noise1g4 (2).wav,10,G
noise_01noise2_noise1g4 (3).wav,10,G
noise_01noise2_noise1g4.wav,10,G
noise_01noise2_noiseg2.wav,10,G
noise_01noise2_noiseg3 (1).wav,10,G
noise_01noise2_noiseg3 (2).wav,10,G
noise_01noise2_noiseg3.wav,10,G
noise_01noise2_noiseg4 (1).wav,10,G
noise_01noise2_noiseg4 (2).wav,10,G
noise_01noise2_noiseg4.wav,10,G
noise_01noiseg2.wav,10,G
noise_01noiseg3 (1).wav,10,G
noise_01noiseg3 (2).wav,10,G
noise_01noiseg3.wav,10,G
noise_01noiseg4 (1).wav,10,G
noise_01noiseg4 (2).wav,10,G
noise_01noiseg4.wav,10,G
noise_01stretch_1g2.wav,10,G
noise_01stretch_1g3 (2).wav,10,G
noise_01stretch_1g3 (3).wav,10,G
noise_01stretch_1g3.wav,10,G
noise_01stretch_1g4 (2).wav,10,G
noise_01stretch_1g4 (3).wav,10,G
noise_01stretch_1g4.wav,10,G
noise_01stretch_g2.wav,10,G
noise_01stretch_g3 (1).wav,10,G
noise_01stretch_g3 (2).wav,10,G
noise_01stretch_g3.wav,10,G
noise_01stretch_g4 (1).wav,10,G
noise_01stretch_g4 (2).wav,10,G
noise_01stretch_g4.wav,10,G
noise_01stretch_noise1g2.wav,10,G
noise_01stretch_noise1g3 (2).wav,10,G
noise_01stretch_noise1g3 (3).wav,10,G
noise_01stretch_noise1g3.wav,10,G
noise_01stretch_noise1g4 (2).wav,10,G
noise_01stretch_noise1g4 (3).wav,10,G
noise_01stretch_noise1g4.wav,10,G
noise_01stretch_noise2_1g2.wav,10,G
noise_01stretch_noise2_1g3 (2).wav,10,G
noise_01stretch_noise2_1g3 (3).wav,10,G
noise_01stretch_noise2_1g3.wav,10,G
noise_01stretch_noise2_1g4 (2).wav,10,G
noise_01stretch_noise2_1g4 (3).wav,10,G
noise_01stretch_noise2_1g4.wav,10,G
noise_01stretch_noise2_g2.wav,10,G
noise_01stretch_noise2_g3 (1).wav,10,G
noise_01stretch_noise2_g3 (2).wav,10,G
noise_01stretch_noise2_g3.wav,10,G
noise_01stretch_noise2_g4 (1).wav,10,G
noise_01stretch_noise2_g4 (2).wav,10,G
noise_01stretch_noise2_g4.wav,10,G
noise_01stretch_noise2_noise1g2.wav,10,G
noise_01stretch_noise2_noise1g3 (2).wav,10,G
noise_01stretch_noise2_noise1g3 (3).wav,10,G
noise_01stretch_noise2_noise1g3.wav,10,G
noise_01stretch_noise2_noise1g4 (2).wav,10,G
noise_01stretch_noise2_noise1g4 (3).wav,10,G
noise_01stretch_noise2_noise1g4.wav,10,G
noise_01stretch_noise2_noiseg2.wav,10,G
noise_01stretch_noise2_noiseg3 (1).wav,10,G
noise_01stretch_noise2_noiseg3 (2).wav,10,G
noise_01stretch_noise2_noiseg3.wav,10,G
noise_01stretch_noise2_noiseg4 (1).wav,10,G
noise_01stretch_noise2_noiseg4 (2).wav,10,G
noise_01stretch_noise2_noiseg4.wav,10,G
noise_01stretch_noiseg2.wav,10,G
noise_01stretch_noiseg3 (1).wav,10,G
noise_01stretch_noiseg3 (2).wav,10,G
noise_01stretch_noiseg3.wav,10,G
noise_01stretch_noiseg4 (1).wav,10,G
noise_01stretch_noiseg4 (2).wav,10,G
noise_01stretch_noiseg4.wav,10,G
stretch_1g2.wav,10,G
stretch_1g3 (2).wav,10,G
stretch_1g3 (3).wav,10,G
stretch_1g3.wav,10,G
stretch_1g4 (2).wav,10,G
stretch_1g4 (3).wav,10,G
stretch_1g4.wav,10,G
stretch_g2.wav,10,G
stretch_g3 (1).wav,10,G
stretch_g3 (2).wav,10,G
stretch_g3.wav,10,G
stretch_g4 (1).wav,10,G
stretch_g4 (2).wav,10,G
stretch_g4.wav,10,G
stretch_noise1g2.wav,10,G
stretch_noise1g3 (2).wav,10,G
stretch_noise1g3 (3).wav,10,G
stretch_noise1g3.wav,10,G
stretch_noise1g4 (2).wav,10,G
stretch_noise1g4 (3).wav,10,G
stretch_noise1g4.wav,10,G
stretch_noise2_1g2.wav,10,G
stretch_noise2_1g3 (2).wav,10,G
stretch_noise2_1g3 (3).wav,10,G
stretch_noise2_1g3.wav,10,G
stretch_noise2_1g4 (2).wav,10,G
stretch_noise2_1g4 (3).wav,10,G
stretch_noise2_1g4.wav,10,G
stretch_noise2_g2.wav,10,G
stretch_noise2_g3 (1).wav,10,G
stretch_noise2_g3 (2).wav,10,G
stretch_noise2_g3.wav,10,G
stretch_noise2_g4 (1).wav,10,G
stretch_noise2_g4 (2).wav,10,G
stretch_noise2_g4.wav,10,G
stretch_noise2_noise1g2.wav,10,G
stretch_noise2_noise1g3 (2).wav,10,G
stretch_noise2_noise1g3 (3).wav,10,G
stretch_noise2_noise1g3.wav,10,G
stretch_noise2_noise1g4 (2).wav,10,G
stretch_noise2_noise1g4 (3).wav,10,G
stretch_noise2_noise1g4.wav,10,G
stretch_noise2_noiseg2.wav,10,G
stretch_noise2_noiseg3 (1).wav,10,G
stretch_noise2_noiseg3 (2).wav,10,G
stretch_noise2_noiseg3.wav,10,G
stretch_noise2_noiseg4 (1).wav,10,G
stretch_noise2_noiseg4 (2).wav,10,G
stretch_noise2_noiseg4.wav,10,G
stretch_noiseg2.wav,10,G
stretch_noiseg3 (1).wav,10,G
stretch_noiseg3 (2).wav,10,G
stretch_noiseg3.wav,10,G
stretch_noiseg4 (1).wav,10,G
stretch_noiseg4 (2).wav,10,G
stretch_noiseg4.wav,10,G
1g#2.wav,11,G#
1g#3 (2).wav,11,G#
1g#3 (3).wav,11,G#
1g#3.wav,11,G#
1g#4 (2).wav,11,G#
1g#4.wav,11,G#
g#2.wav,11,G#
g#3 (1).wav,11,G#
g#3 (2).wav,11,G#
g#3.wav,11,G#
g#4 (1).wav,11,G#
g#4.wav,11,G#
noise1g#2.wav,11,G#
noise1g#3 (2).wav,11,G#
noise1g#3 (3).wav,11,G#
noise1g#3.wav,11,G#
noise1g#4 (2).wav,11,G#
noise1g#4.wav,11,G#
noise2_1g#2.wav,11,G#
noise2_1g#3 (2).wav,11,G#
noise2_1g#3 (3).wav,11,G#
noise2_1g#3.wav,11,G#
noise2_1g#4 (2).wav,11,G#
noise2_1g#4.wav,11,G#
noise2_g#2.wav,11,G#
noise2_g#3 (1).wav,11,G#
noise2_g#3 (2).wav,11,G#
noise2_g#3.wav,11,G#
noise2_g#4 (1).wav,11,G#
noise2_g#4.wav,11,G#
noise2_noise1g#2.wav,11,G#
noise2_noise1g#3 (2).wav,11,G#
noise2_noise1g#3 (3).wav,11,G#
noise2_noise1g#3.wav,11,G#
noise2_noise1g#4 (2).wav,11,G#
noise2_noise1g#4.wav,11,G#
noise2_noiseg#2.wav,11,G#
noise2_noiseg#3 (1).wav,11,G#
noise2_noiseg#3 (2).wav,11,G#
noise2_noiseg#3.wav,11,G#
noise2_noiseg#4 (1).wav,11,G#
noise2_noiseg#4.wav,11,G#
noiseg#2.wav,11,G#
noiseg#3 (1).wav,11,G#
noiseg#3 (2).wav,11,G#
noiseg#3.wav,11,G#
noiseg#4 (1).wav,11,G#
noiseg#4.wav,11,G#
noise_011g#2.wav,11,G#
noise_011g#3 (2).wav,11,G#
noise_011g#3 (3).wav,11,G#
noise_011g#3.wav,11,G#
noise_011g#4 (2).wav,11,G#
noise_011g#4.wav,11,G#
noise_01g#2.wav,11,G#
noise_01g#3 (1).wav,11,G#
noise_01g#3 (2).wav,11,G#
noise_01g#3.wav,11,G#
noise_01g#4 (1).wav,11,G#
noise_01g#4.wav,11,G#
noise_01noise1g#2.wav,11,G#
noise_01noise1g#3 (2).wav,11,G#
noise_01noise1g#3 (3).wav,11,G#
noise_01noise1g#3.wav,11,G#
noise_01noise1g#4 (2).wav,11,G#
noise_01noise1g#4.wav,11,G#
noise_01noise2_1g#2.wav,11,G#
noise_01noise2_1g#3 (2).wav,11,G#
noise_01noise2_1g#3 (3).wav,11,G#
noise_01noise2_1g#3.wav,11,G#
noise_01noise2_1g#4 (2).wav,11,G#
noise_01noise2_1g#4.wav,11,G#
noise_01noise2_g#2.wav,11,G#
noise_01noise2_g#3 (1).wav,11,G#
noise_01noise2_g#3 (2).wav,11,G#
noise_01noise2_g#3.wav,11,G#
noise_01noise2_g#4 (1).wav,11,G#
noise_01noise2_g#4.wav,11,G#
noise_01noise2_noise1g#2.wav,11,G#
noise_01noise2_noise1g#3 (2).wav,11,G#
noise_01noise2_noise1g#3 (3).wav,11,G#
noise_01noise2_noise1g#3.wav,11,G#
noise_01noise2_noise1g#4 (2).wav,11,G#
noise_01noise2_noise1g#4.wav,11,G#
noise_01noise2_noiseg#2.wav,11,G#
noise_01noise2_noiseg#3 (1).wav,11,G#
noise_01noise2_noiseg#3 (2).wav,11,G#
noise_01noise2_noiseg#3.wav,11,G#
noise_01noise2_noiseg#4 (1).wav,11,G#
noise_01noise2_noiseg#4.wav,11,G#
noise_01noiseg#2.wav,11,G#
noise_01noiseg#3 (1).wav,11,G#
noise_01noiseg#3 (2).wav,11,G#
noise_01noiseg#3.wav,11,G#
noise_01noiseg#4 (1).wav,11,G#
noise_01noiseg#4.wav,11,G#
noise_01stretch_1g#2.wav,11,G#
noise_01stretch_1g#3 (2).wav,11,G#
noise_01stretch_1g#3 (3).wav,11,G#
noise_01stretch_1g#3.wav,11,G#
noise_01stretch_1g#4 (2).wav,11,G#
noise_01stretch_1g#4.wav,11,G#
noise_01stretch_g#2.wav,11,G#
noise_01stretch_g#3 (1).wav,11,G#
noise_01stretch_g#3 (2).wav,11,G#
noise_01stretch_g#3.wav,11,G#
noise_01stretch_g#4 (1).wav,11,G#
noise_01stretch_g#4.wav,11,G#
noise_01stretch_noise1g#2.wav,11,G#
noise_01stretch_noise1g#3 (2).wav,11,G#
noise_01stretch_noise1g#3 (3).wav,11,G#
noise_01stretch_noise1g#3.wav,11,G#
noise_01stretch_noise1g#4 (2).wav,11,G#
noise_01stretch_noise1g#4.wav,11,G#
noise_01stretch_noise2_1g#2.wav,11,G#
noise_01stretch_noise2_1g#3 (2).wav,11,G#
noise_01stretch_noise2_1g#3 (3).wav,11,G#
noise_01stretch_noise2_1g#3.wav,11,G#
noise_01stretch_noise2_1g#4 (2).wav,11,G#
noise_01stretch_noise2_1g#4.wav,11,G#
noise_01stretch_noise2_g#2.wav,11,G#
noise_01stretch_noise2_g#3 (1).wav,11,G#
noise_01stretch_noise2_g#3 (2).wav,11,G#
noise_01stretch_noise2_g#3.wav,11,G#
noise_01stretch_noise2_g#4 (1).wav,11,G#
noise_01stretch_noise2_g#4.wav,11,G#
noise_01stretch_noise2_noise1g#2.wav,11,G#
noise_01stretch_noise2_noise1g#3 (2).wav,11,G#
noise_01stretch_noise2_noise1g#3 (3).wav,11,G#
noise_01stretch_noise2_noise1g#3.wav,11,G#
noise_01stretch_noise2_noise1g#4 (2).wav,11,G#
noise_01stretch_noise2_noise1g#4.wav,11,G#
noise_01stretch_noise2_noiseg#2.wav,11,G#
noise_01stretch_noise2_noiseg#3 (1).wav,11,G#
noise_01stretch_noise2_noiseg#3 (2).wav,11,G#
noise_01stretch_noise2_noiseg#3.wav,11,G#
noise_01stretch_noise2_noiseg#4 (1).wav,11,G#
noise_01stretch_noise2_noiseg#4.wav,11,G#
noise_01stretch_noiseg#2.wav,11,G#
noise_01stretch_noiseg#3 (1).wav,11,G#
noise_01stretch_noiseg#3 (2).wav,11,G#
noise_01stretch_noiseg#3.wav,11,G#
noise_01stretch_noiseg#4 (1).wav,11,G#
noise_01stretch_noiseg#4.wav,11,G#
stretch_1g#2.wav,11,G#
stretch_1g#3 (2).wav,11,G#
stretch_1g#3 (3).wav,11,G#
stretch_1g#3.wav,11,G#
stretch_1g#4 (2).wav,11,G#
stretch_1g#4.wav,11,G#
stretch_g#2.wav,11,G#
stretch_g#3 (1).wav,11,G#
stretch_g#3 (2).wav,11,G#
stretch_g#3.wav,11,G#
stretch_g#4 (1).wav,11,G#
stretch_g#4.wav,11,G#
stretch_noise1g#2.wav,11,G#
stretch_noise1g#3 (2).wav,11,G#
stretch_noise1g#3 (3).wav,11,G#
stretch_noise1g#3.wav,11,G#
stretch_noise1g#4 (2).wav,11,G#
stretch_noise1g#4.wav,11,G#
stretch_noise2_1g#2.wav,11,G#
stretch_noise2_1g#3 (2).wav,11,G#
stretch_noise2_1g#3 (3).wav,11,G#
stretch_noise2_1g#3.wav,11,G#
stretch_noise2_1g#4 (2).wav,11,G#
stretch_noise2_1g#4.wav,11,G#
stretch_noise2_g#2.wav,11,G#
stretch_noise2_g#3 (1).wav,11,G#
stretch_noise2_g#3 (2).wav,11,G#
stretch_noise2_g#3.wav,11,G#
stretch_noise2_g#4 (1).wav,11,G#
stretch_noise2_g#4.wav,11,G#
stretch_noise2_noise1g#2.wav,11,G#
stretch_noise2_noise1g#3 (2).wav,11,G#
stretch_noise2_noise1g#3 (3).wav,11,G#
stretch_noise2_noise1g#3.wav,11,G#
stretch_noise2_noise1g#4 (2).wav,11,G#
stretch_noise2_noise1g#4.wav,11,G#
stretch_noise2_noiseg#2.wav,11,G#
stretch_noise2_noiseg#3 (1).wav,11,G#
stretch_noise2_noiseg#3 (2).wav,11,G#
stretch_noise2_noiseg#3.wav,11,G#
stretch_noise2_noiseg#4 (1).wav,11,G#
stretch_noise2_noiseg#4.wav,11,G#
stretch_noiseg#2.wav,11,G#
stretch_noiseg#3 (1).wav,11,G#
stretch_noiseg#3 (2).wav,11,G#
stretch_noiseg#3.wav,11,G#
stretch_noiseg#4 (1).wav,11,G#
stretch_noiseg#4.wav,11,G#
